ID,State Code,County Code,Name,State Name,PWS ID,PWS Name,EPA Region,PWS Type,Population Served Count,Cities Served,Size,Oversample,URL of CCR,Most recent year?,Translation available?,Translation Score,Readability Score,Adjusted Readability,Readability Tags,Pages,Total Tests,Failed,Warning,Passed,User Verify,Not Applicable,WCAG Score,Access Tags,EPA CCR Link,EPA Link Correct?
1,1,9,Blount,Alabama,AL0000103,ONEONTA UTILITIES BOARD,Region 4,Community water system,19737,ONEONTA,Large,0,https://oneontautilities.com/2019_oneonta_ccr.html,2020,No,0,24.99,24.99,Acceptable,8,45,581,14,8,2,24,1.358234295,Autotagged,None,Missing
2,1,33,Colbert,Alabama,AL0000316,HAWK PRIDE MT WATER SYSTEM,Region 4,Community water system,4035,TUSCUMBIA,Medium,0,N/A,N/A,N/A,N/A,N/A,N/A,N/A,N/A,N/A,N/A,N/A,N/A,N/A,N/A,N/A,N/A,None,Missing
3,1,47,Dallas,Alabama,AL0000482,NORTH DALLAS WATER AUTHORITY,Region 4,Community water system,8838,SELMA,Medium,0,https://northdallaswater.net/documents/1185/North_Dallas_Co_2020_CCR.pdf,2020,No,0,-59.38,0,Acceptable,4,45,1005,9,14,4,19,1.373895976,Autotagged,None,Missing
4,1,47,Dallas,Alabama,AL0000463,DALLAS COUNTY WATER & SEWER AUTHORITY,Region 4,Community water system,4152,SELMA,Medium,0,N/A,N/A,N/A,N/A,N/A,N/A,N/A,N/A,N/A,N/A,N/A,N/A,N/A,N/A,N/A,N/A,None,Missing
5,1,123,Tallapoosa,Alabama,AL0001265,ALEXANDER CITY WATER DEPARTMENT,Region 4,Community water system,29565,ALEXANDER CITY,Large,0,https://alexandercityal.gov/sites/default/files/fileattachments/utilities/page/8241/alexander_city_2019_annual_water_quality_report.pdf,2019,No,0,-20.8,0,Acceptable,6,45,209,13,7,4,29,3.240740741,Original,None,Missing
6,1,127,Walker,Alabama,AL0001326,CORDOVA WATER WORKS & GAS BOARD,Region 4,Community water system,3939,CORDOVA,Medium,0,N/A,N/A,N/A,N/A,N/A,N/A,N/A,N/A,N/A,N/A,N/A,N/A,N/A,N/A,N/A,N/A,None,Missing
7,2,90,Fairbanks North Star Borough,Alaska,AK2310900,COLLEGE UTILITIES CORPORATION,Region 10,Community water system,"27,000",FAIRBANKS,Large,0,http://www.akwater.com/cuc-ccr.pdf,2020,No,0,6.99,6.99,Acceptable,9,45,18,595,9,4,23,33.33333333,Original,http://www.akwater.com/water_quality.shtml ,Yes
8,2,170,Matanuska-Susitna Borough,Alaska,AK2224646,WASILLA WATER SYSTEM,Region 10,Community water system,18412,WASILLA,Large,0,https://www.cityofwasilla.com/home/showdocument?id=23060,2020,No,0,19.98,19.98,Acceptable,9,45,219,19,15,4,19,6.41025641,Original,None,Missing
9,4,3,Cochise,Arizona,AZ0402004,ARIZONA WATER CO - SIERRA VISTA,Region 9,Community water system,10002,SIERRA VISTA,Large,0,https://www.azwater.com/files/water-quality/ccr-sierra-vista-2019.pdf,2020,No,0,20.69,20.69,Acceptable,2,45,341,9,14,4,19,3.943661972,Autotagged,None,Missing
10,4,13,Maricopa,Arizona,AZ0407056,EPCOR WATER - PARADISE VALLEY/SCOTTSDALE,Region 9,Community water system,12000,PARADISE VALLEY,Large,1,https://www.epcor.com/products-services/water/water-quality/water-quality-reports-usa/wqreports/wq-paradise-valley-2019.pdf,2020,Yes,100,17.64,17.64,Acceptable,11,45,149,15,14,5,18,8.588957055,Autotagged,None,Missing
11,4,13,Maricopa,Arizona,AZ0407070,SUNRISE WATER COMPANY,Region 9,Community water system,4765,PEORIA,Medium,1,https://jdcwater.com/documents/563/Sunrise_Water_Quality_Report_2019.pdf,2020,No,0,-48.41,0,Acceptable,2,45,144,17,13,27,21,8.280254777,Original,None,Missing
12,5,0,Greene,Arkansas,AR0000722,CLAY CO REG WATER DISTRICT,Region 6,Community water system,5515,-,Medium,0,https://www.ark.org/health/eng/ccr/722.pdf,2020,No,0,-40.63,0,Acceptable,2,45,232,3,10,3,25,4.132231405,Autotagged,None,Missing
13,5,0,Faulkner,Arkansas,AR0000101,COMMUNITY WATER SYSTEM,Region 6,Community water system,17038,-,Large,0,https://www.ark.org/health/eng/ccr/101.pdf,2020,No,0,-61.88,0,Acceptable,3,45,443,6,10,3,25,2.207505519,Autotagged,None,Missing
14,5,7,Benton,Arkansas,AR0000349,MADISON CO WATER FACILITIES BD,Region 6,Community water system,9688,-,Medium,0,https://www.mcwfb.com/documents/925/CCR19_Madison_Co_WFB_349.pdf,2020,No,0,-56.19,0,Acceptable,2,45,39,4,8,4,27,17.0212766,Original,None,Missing
15,5,23,Cleburne,Arkansas,AR0000579,TUMBLING SHOALS WATER ASSOC,Region 6,Community water system,4890,-,Medium,0,https://tsws.myruralwater.com/documents/1048/CCF06022020.pdf,2020,No,0,0,0,Error,3,45,7,4,1,2,36,12.5,Autotagged,None,Missing
16,5,23,Cleburne,Arkansas,AR0000735,WEST STONE COUNTY WATER ASSN,Region 6,Community water system,4634,-,Medium,0,https://www.ark.org/health/eng/ccr/735.pdf,2020,No,0,-42.18,0,Acceptable,3,45,473,5,10,3,25,2.070393375,Autotagged,None,Missing
17,5,31,Craighead,Arkansas,AR0000688,LAWRENCE CO REG WATER DIST,Region 6,Community water system,7469,-,Medium,0,https://lawrencecountyregionalwater.myruralwater.com/documents/481/2019_Annual_Drinking_Water_Quality_Report.pdf,2020,No,0,-45.74,0,Acceptable,3,45,7,5,14,3,21,66.66666667,Original,None,Missing
18,5,45,Faulkner,Arkansas,AR0000844,BEAVERFORK VOLUNTEER FD WSD,Region 6,Community water system,3458,-,Medium,0,https://www.ark.org/health/eng/ccr/844.pdf,2020,No,0,-37.41,0,Acceptable,3,45,395,5,10,3,25,2.469135802,Autotagged,None,Missing
19,5,131,Sebastian,Arkansas,AR0000512,BARLING WATERWORKS,Region 6,Community water system,4583,-,Medium,0,https://www.ark.org/health/eng/ccr/512.pdf,2020,No,0,-72.94,0,Acceptable,3,45,372,5,10,3,25,2.617801047,Autotagged,None,Missing
20,5,145,White,Arkansas,AR0000185,SW WHITE COUNTY WATER ASSN,Region 6,Community water system,10917,-,Large,0,https://www.ark.org/health/eng/ccr/185.pdf,2020,No,0,-78.32,0,Acceptable,4,45,801,8,10,3,25,1.233045623,Autotagged,None,Missing
21,5,149,Yell,Arkansas,AR0000697,NE YELL COUNTY WATER ASSOC,Region 6,Community water system,6125,-,Medium,0,https://neycw.myruralwater.com/documents/470/697.pdf,2020,No,0,-76.49,0,Acceptable,3,45,1022,6,10,3,25,0.968992248,Autotagged,None,Missing
22,6,1,Alameda,California,CA0110006,CITY OF HAYWARD,Region 9,Community water system,151600,HAYWARD,Very Large,1,https://www.hayward-ca.gov/sites/default/files/2019%20CCR%20%28Water%20Quality%20Report%29%20-%20Final%20Cover.pdf,2020,No,0,-8.66,0,Acceptable,8,45,631,17,14,3,19,2.170542636,Autotagged,http://user.govoutreach.com/hayward/faq.php?cid=11195,No
23,6,17,El Dorado,California,CA0910013,GEORGETOWN DIVIDE PUD,Region 9,Community water system,9053,-,Medium,0,https://www.gd-pud.org/files/5c86aa1e3/2019+CCR+-+GDPUD_Final.pdf,2019,Yes,100,-501.27,0,Acceptable,6,45,242,3,14,3,19,5.46875,Original,None,Missing
24,6,19,Fresno,California,CA1010021,"MENDOTA, CITY OF",Region 9,Community water system,11104,MENDOTA,Large,1,http://ci.mendota.ca.us/wp-content/uploads/2014/06/2018-Mendota-Water-Consumer-Confidence-Report.pdf,2019,Yes,100,-46.95,0,Acceptable,10,45,150,31,13,4,21,7.975460123,Original,None,Missing
25,6,29,Kern,California,CA1510020,"TEHACHAPI, CITY OF",Region 9,Community water system,8839,TEHACHAPI,Medium,1,https://www.liveuptehachapi.com/DocumentCenter/View/5558/2019-Water-Quality-Report?bidId=,2020,No,0,23.36,23.36,Acceptable,5,45,215,164,12,3,19,5.286343612,Original,None,Missing
26,6,37,Los Angeles,California,CA1910030,GSWC - CULVER CITY,Region 9,Community water system,36192,SANTA FE SPRINGS,Large,1,https://www.gswater.com/sites/main/files/file-attachments/water-quality-2019-culver-city.pdf?1591302565,2020,Yes,100,-9.67,0,Acceptable,8,45,37,641,8,3,26,17.77777778,Original,None,Missing
27,6,37,Los Angeles,California,CA1910194,ROWLAND WATER DISTRICT,Region 9,Community water system,55038,-,Large,1,https://www.rowlandwater.com/wp-content/uploads/2020/06/RWD_CCR_20_FINAL_WEB.pdf,2020,No,0,-32.81,0,Acceptable,16,45,293,21,10,13,22,3.300330033,Autotagged,None,Missing
28,6,37,Los Angeles,California,CA1910017,SANTA CLARITA VALLEY W.A.-SANTA CLARITA,Region 9,Community water system,127992,-,Very Large,1,https://yourscvwater.com/wp-content/uploads/2020/05/2020-SCV-Water-Quality-Report.pdf,2020,No,0,-1288.96,0,Acceptable,14,45,41,15,2,3,35,4.651162791,Autotagged,http://www.scwater.org/publications.cfm,No
29,6,47,Merced,California,CA2410005,CITY OF LOS BANOS,Region 9,Community water system,40998,LOS BANOS,Large,0,http://www.losbanos.org/wp-content/uploads/2020/06/2410005-CityofLosBanos-2019-CCR.pdf,2020,Yes,100,-7.37,0,Acceptable,10,45,112,24,13,4,20,10.4,Original,None,Missing
30,6,61,Placer,California,CA3110003,FORESTHILL PUBLIC UTILITY DIST,Region 9,Community water system,6000,-,Medium,0,https://www.foresthillpud.com/pdf_files/Annual-Water-Quality-Reports/CCR-2019-FPUD.PDF,2020,Yes,100,-189.53,0,Acceptable,4,45,10,690,14,8,21,58.33333333,Autotagged,None,Missing
31,6,61,Placer,California,CA3110026,NEVADA ID - NORTH AUBURN,Region 9,Community water system,6640,-,Medium,0,https://nidwater.com/wp-content/uploads/2020/06/NID-WQR-2019.pdf,2020,No,0,21.54,21.54,Acceptable,5,45,454,359,7,3,24,1.518438178,Original,None,Missing
32,6,63,Plumas,California,CA3210006,LAKE ALMANOR COUNTRY CLUB MWC,Region 9,Community water system,6000,-,Medium,0,http://www.laccmutualwater.org/uploads/9/6/4/8/9648300/2019_water_quality_report.pdf,2020,Yes,100,0,0,Error,3,45,7,4,1,2,36,12.5,Autotagged,None,Missing
33,6,67,Sacramento,California,CA3410013,CALAM - LINCOLN OAKS,Region 9,Community water system,94183,-,Large,0,https://www.amwater.com/ccr/lincolnoaks.pdf,2020,Yes,100,-0.06,0,Acceptable,17,45,656,26,13,15,17,1.943198804,Autotagged,None,Missing
34,6,67,Sacramento,California,CA3410031,CALAM - ANTELOPE,Region 9,Community water system,68587,-,Large,0,https://www.amwater.com/ccr/antelope.pdf,2020,Yes,100,8.61,8.61,Acceptable,17,45,596,26,13,9,17,2.134646962,Autotagged,None,Missing
35,6,67,Sacramento,California,CA3410008,ELK GROVE WATER SERVICE,Region 9,Community water system,40461,-,Large,0,https://www.egwd.org/wp-content/uploads/FINAL-Elk-Grove-Water-District-6.5.19.pdf,2019,No,0,29.11,29.11,Acceptable,2,45,94,4,11,3,25,10.47619048,Autotagged,http://www.egwd.org/pdf/2012CCR.pdf,No
36,6,73,San Diego,California,CA3710015,"POWAY, CITY OF",Region 9,Community water system,49990,POWAY,Large,1,https://poway.org/DocumentCenter/View/6430/2018-Poway-Annual-Water-Quality-Report,2019,No,0,16.53,16.53,Acceptable,4,45,45,0,0,0,0,0,Corrupted,http://www.poway.org/Index.aspx?page=326,Yes
37,6,79,San Luis Obispo,California,CA4010002,ATASCADERO MUTUAL WATER CO,Region 9,Community water system,31787,-,Large,0,https://web.amwc.us/resources/CCR.pdf,2020,No,0,11.25,11.25,Acceptable,6,45,351,289,12,3,19,3.305785124,Original,None,Missing
38,6,79,San Luis Obispo,California,CA4010832,ATASCADERO STATE HOSPITAL,Region 9,Community water system,4128,-,Medium,0,N/A,N/A,N/A,N/A,N/A,N/A,N/A,N/A,N/A,N/A,N/A,N/A,N/A,N/A,N/A,N/A,None,Missing
39,6,83,Santa Barbara,California,CA4210020,SANTA YNEZ RIVER WATER CONS. DIST. ID#1,Region 9,Community water system,6737,-,Medium,0,https://s3.amazonaws.com/siteninja/multitenant/assets/30524/files/original/ID1_2019_Annual_WQ_Report_Final.pdf,2020,No,0,-114.01,0,Acceptable,8,45,737,17,14,7,18,1.864181092,Autotagged,None,Missing
40,6,107,Tulare,California,CA5410016,CWS - VISALIA,Region 9,Community water system,139924,-,Very Large,0,https://www.calwater.com/docs/ccr/2019/vis-vis-2019.pdf,2020,No,0,8.61,8.61,Acceptable,17,45,417,1311,12,4,16,2.797202797,Original,http://calwater.com/wq/ccr/2009/index.php,No
41,6,111,Ventura,California,CA5610008,PLEASANT VALLEY MUTUAL WATER CO,Region 9,Community water system,5000,-,Medium,1,https://www.pvmwc.com/reports,2019,No,0,-47.99,0,Acceptable,6,45,10,7,1,3,36,9.090909091,Autotagged,None,Missing
42,8,41,El Paso,Colorado,CO0121455,MERIDIAN SERVICE MD,Region 8,Community water system,7807,-,Large,0,https://www.meridianranchmetro.org/documents/waterQualityReports/2020ConsumerConfidenceReport.pdf,2020,Yes,100,-35.69,0,Acceptable,6,45,402,12,14,4,19,3.365384615,Autotagged,None,Missing
43,8,59,Jefferson,Colorado,CO0130105,NORTH TABLE MOUNTAIN WSD,Region 8,Community water system,10000,-,Medium,0,https://www.ntmwater.org/wp-ntm-content/uploads/2020/05/CCR_2020.pdf,2020,No,0,-354.8,0,Acceptable,2,45,24,4,12,16,21,33.33333333,Original,None,Missing
44,8,69,Larimer,Colorado,CO0135291,FT COLLINS CITY OF,Region 8,Community water system,124262,-,Very Large,0,https://www.fcgov.com/utilities/img/site_specific/uploads/20-22248-2019-water-quality-report-final.pdf?1592426353,2020,Yes,100,6.14,6.14,Acceptable,5,45,189,577,10,4,19,5.025125628,Original,http://www.fcgov.com/utilities/what-we-do/water/water-quality,Yes
45,9,3,Hartford,Connecticut,CT0473011,CTWC - NORTHERN REG-WESTERN SYSTEM,Region 1,Community water system,98390,"EAST GRANBY, EAST WINDSOR, ELLINGTON, ENFIELD, MANCHESTER, MANSFIELD, SOUTH WINDSOR, SUFFIELD, TOLLAND, VERNON, WINDSOR LOCKS",Large,0,https://www.ctwater.com/media/2371/northern-western2019.pdf,2020,No,0,1.27,1.27,Acceptable,14,45,122,20,15,3,19,10.94890511,Original,None,Missing
46,9,11,New London,Connecticut,CT0590011,GROTON UTILITIES,Region 1,Community water system,30200,"GROTON, LEDYARD",Large,0,https://grotonutilities.com/download/water/water_quality_reports/2019.pdf,2020,No,0,-38.8,0,Acceptable,12,45,707,16,14,61,17,1.941747573,Autotagged,None,Missing
47,10,5,Sussex,Delaware,DE0000557,SUSSEX SHORES WATER COMPANY,Region 3,Community water system,12450,BETHANY BEACH,Large,0,https://www.sussexshoreswater.com/media/CCR%202020.pdf,2020,No,0,-1.82,0,Acceptable,3,45,231,88,7,5,24,2.941176471,Original,None,Missing
48,11,1,District of Columbia,District of Columbia,DC0000002,D.C. WATER AND SEWER AUTHORITY,Region 3,Community water system,"632,323",-,Very Large,0,https://www.dcwater.com/sites/default/files/2020_dcwater_water_quality_report_0.pdf,2020,Yes,100,18.39,18.39,Acceptable,25,45,292,880,7,3,24,2.341137124,Original,http://www.dcwater.com/waterreport,Yes
49,12,3,Baker,Florida,FL2020204,MACCLENNY WTP,Region 4,Community water system,6391,MACCLENNY,Medium,0,http://www.cityofmacclenny.com/images/2018_CCR_City.pdf,2019,No,0,-126.43,0,Acceptable,4,45,123,8,15,3,20,10.86956522,Autotagged,None,Missing
50,12,11,Broward,Florida,FL4060573,"HALLANDALE BEACH, CITY OF",Region 4,Community water system,40000,HALLANDALE BEACH,Large,1,https://hallandalebeachfl.gov/DocumentCenter/View/20424/2019-Water-Quality-Report,2020,Yes,100,30.98,30.98,Acceptable,8,45,279,216,12,3,19,4.12371134,Original,http://www.hallandalebeachfl.gov/DocumentView.aspx?DID=108,No
51,12,13,Calhoun,Florida,FL1070685,"BLOUNTSTOWN, CITY OF",Region 4,Community water system,3900,BLOUNTSTOWN,Medium,0,N/A,N/A,N/A,N/A,N/A,N/A,N/A,N/A,N/A,N/A,N/A,N/A,N/A,N/A,N/A,N/A,None,Missing
52,12,69,Lake,Florida,FL3350346,"EUSTIS, CITY OF (4 WPS)",Region 4,Community water system,35089,EUSTIS,Large,0,http://cms5.revize.com/revize/eustisfl/Eustis_FL_CCR-2019_WEB.pdf,2020,No,0,27.63,27.63,Acceptable,4,45,389,9,14,5,19,3.473945409,Autotagged,None,Missing
53,12,83,Marion,Florida,FL6421144,MARION OAKS SUBDIVISION (5 WTPS),Region 4,Community water system,19401,OCALA,Large,0,https://www.marioncountyfl.org/home/showdocument?id=18782,2019,No,0,-49.09,0,Acceptable,2,45,14,1,12,4,26,46.15384615,Original,None,Missing
54,12,83,Marion,Florida,FL6424630,OAK RUN ESTATES (6 WTPS),Region 4,Community water system,11788,OCALA,Large,0,https://www.marioncountyfl.org/home/showdocument?id=18784,2019,No,0,-28.79,0,Acceptable,2,45,13,2,12,4,26,48,Original,None,Missing
55,12,86,Miami-Dade,Florida,FL4134365,HIALEAH GARDENS,Region 4,Community water system,24156,HIALEAH GARDENS,Large,1,https://www.cityofhialeahgardens.com/Home/ShowDocument?id=1544,2020,Yes,100,23.47,23.47,Acceptable,2,45,1601,77,3,3,31,0.187032419,Autotagged,None,Missing
56,12,97,Osceola,Florida,FL3494428,ENTERPRISE CDD (CONSECUTIVE),Region 4,Community water system,8166,CELEBRATION,Medium,0,http://www.enterprisecdd.org/wp-content/uploads/2010/09/2019-water-quality-report.pdf,2020,No,0,20.28,20.28,Acceptable,3,45,37,4,13,3,20,26,Original,None,Missing
57,12,99,Palm Beach,Florida,FL4501559,WEST PALM BEACH WTP,Region 4,Community water system,102000,WEST PALM BEACH,Very Large,0,https://www.wpb.org/home/showdocument?id=2296,2020,Yes,100,19.51,19.51,Acceptable,2,45,45,0,0,0,0,0,Corrupted,http://www.cityofwpb.com/utilities/quality.html,No
58,12,101,Pasco,Florida,FL6510424,DADE CITY WATER DEPT,Region 4,Community water system,14373,DADE CITY,Large,0,https://www.dadecityfl.com/2019%20Dade%20City%20CCR.docx,2020,Yes,100,-433.13,0,Acceptable,2,45,232,3,13,9,19,5.306122449,Original,None,Missing
59,12,105,Polk,Florida,FL6535055,UIF - CYPRESS LAKES,Region 4,Community water system,3418,LAKELAND,Medium,0,https://www.myutility.us/docs/default-source/florida/2019/cypress-lakes-19ccr-095.pdf?sfvrsn=4,2020,No,0,-250.33,0,Acceptable,4,45,44,7,12,15,21,21.42857143,Original,None,Missing
60,12,117,Seminole,Florida,FL3594107,SEMINOLE COUNTY NORTHWEST,Region 4,Community water system,31986,SANFORD,Large,0,http://www.seminolecountyfl.gov/core/fileparse.php/3234/urlt/Water-Quality-Report-for-2019-ADA.pdf,2020,No,0,-34.91,0,Acceptable,37,45,850,45,14,117,13,1.62037037,Original,None,Missing
61,12,117,Seminole,Florida,FL3590205,"SANFORD, CITY OF (2 WPS)",Region 4,Community water system,65216,SANFORD,Large,0,https://www.sanfordfl.gov/home/showdocument?id=21251,2020,No,0,21.54,21.54,Acceptable,2,45,382,4,15,2,19,3.778337531,Autotagged,None,Missing
62,12,119,Sumter,Florida,FL6604862,LITTLE SUMTER UTILITIES 3WPS,Region 4,Community water system,25382,THE VILLAGES,Large,0,https://www.districtgov.org/departments/utilities/LSSA-2019-Water-Quality-Report.pdf,2020,No,0,-13.83,0,Acceptable,2,45,12,826,14,18,20,53.84615385,Original,None,Missing
63,13,9,Baldwin,Georgia,GA0090000,BALDWIN COUNTY,Region 4,Community water system,23067,-,Large,0,https://www.baldwincountyga.com/wp-content/uploads/2019/05/Water-Quality-Report.pdf,2019,No,0,0,0,Error,4,45,8,5,1,2,36,11.11111111,Autotagged,None,Missing
64,13,39,Camden,Georgia,GA0390001,ST. MARYS,Region 4,Community water system,17270,-,Large,0,http://www.stmarysga.gov/department/public_works/docs/Water_Quality_Reports/2019%20STMARY%20CCR.pdf,2020,No,0,19.44,19.44,Acceptable,4,45,13,9,12,4,22,48,Original,None,Missing
65,13,51,Chatham,Georgia,GA0510229,SAVANNAH-WILMINGTON ISLAND,Region 4,Community water system,13526,-,Large,0,http://savannahwaterquality.com/reports/2020/savannah-main/,2020,No,0,34.22,34.22,Acceptable,9,45,268,12,10,4,23,3.597122302,Autotagged,None,Missing
66,13,81,Crisp,Georgia,GA0810001,CORDELE,Region 4,Community water system,11196,CORDELE,Large,0,https://nebula.wsimg.com/9b12eba5bedb983b21291e1146fc6892?AccessKeyId=5DE3111E17997895EBA3&disposition=0&alloworigin=1,2019,No,0,24.85,24.85,Acceptable,6,45,177,12,14,4,21,7.329842932,Original,None,Missing
67,13,105,Elbert,Georgia,GA1050001,ELBERTON,Region 4,Community water system,7800,ELBERTON,Medium,0,https://elbertonutilities.net/water-wastewater/forms-documents/Water%20Quality%20Report%202019.pdf,2020,No,0,-7.34,0,Acceptable,4,45,43,9,3,4,31,6.52173913,Original,None,Missing
68,13,137,Habersham,Georgia,GA1370002,CLARKESVILLE,Region 4,Community water system,5785,CLARKESVILLE,Medium,0,https://www.clarkesvillega.com/uploads/pdfs/CCR_report1.pdf,2020,No,0,-178.57,0,Acceptable,3,45,153,9,8,4,24,4.968944099,Original,None,Missing
69,13,151,Henry,Georgia,GA1510000,HAMPTON,Region 4,Community water system,7305,HAMPTON,Medium,0,https://www.hcwa.com/skins/userfiles/files/HCWA_2020_CCR_web%20HQ.pdf,2020,No,0,-224.48,0,Acceptable,5,45,2,5,1,68,36,33.33333333,Original,None,Missing
70,13,185,Lowndes,Georgia,GA1850016,LOWNDES CO.-NORTH LOWNDES CO. WS,Region 4,Community water system,7194,LAKE PARK,Medium,0,https://www.lowndescounty.com/DocumentCenter/View/1339/Consumer-Confidence-Reports-2019,2020,No,0,-15.35,0,Acceptable,7,45,11,8,1,3,36,8.333333333,Autotagged,None,Missing
71,13,215,Muscogee,Georgia,GA2150000,COLUMBUS,Region 4,Community water system,229000,-,Very Large,0,http://www.cwwga.org/documentlibrary/598_Print%20Final.pdf,2020,No,0,23.5,23.5,Acceptable,16,45,252,22,15,4,18,5.617977528,Autotagged,http://www.cwwga.org/subpages1.asp?pageid=10,No
72,13,241,Rabun,Georgia,GA2410118,RABUN COUNTY WATER & SEWER AUTHORITY,Region 4,Community water system,4587,CLAYTON,Medium,0,https://cityofclaytonga.gov/wp-content/uploads/2018/03/confidencereport.pdf,2018,No,0,0,0,Error,5,45,9,6,1,2,36,10,Autotagged,None,Missing
73,16,47,Gooding,Idaho,ID5240009,GOODING CITY OF,Region 10,Community water system,3567,-,Medium,0,http://www.goodingidaho.org/departments/water-department/ccr-2017-report-is-my-water-safe/,2020,No,0,11.55,11.55,Acceptable,9,45,517,14,15,7,19,2.819548872,Original,None,Missing
74,16,67,Minidoka,Idaho,ID5340017,RUPERT CITY OF,Region 10,Community water system,5645,-,Medium,0,http://www.rupert-idaho.com/wp-content/uploads/2019/06/CCR2018.pdf,2019,No,0,22.28,22.28,Acceptable,2,45,142,3,7,16,29,4.697986577,Autotagged,None,Missing
75,16,83,Twin Falls,Idaho,ID5420058,TWIN FALLS CITY OF,Region 10,Community water system,48260,-,Large,0,https://www.tfid.org/DocumentCenter/View/4612/2020-CCR-Report?bidId=,2020,No,0,38.28,38.28,Acceptable,2,45,115,4,15,7,19,11.53846154,Autotagged,None,Missing
76,17,29,Coles,Illinois,IL0290250,MATTOON,Region 5,Community water system,19000,MATTOON,Large,0,http://mattoon.illinois.gov/wp-content/uploads/CurrentCCR.pdf,2020,No,0,-22.66,0,Acceptable,5,45,400,11,10,2,24,2.43902439,Autotagged,http://mattoon.illinois.gov/sites/default/files/page_attachments/Consumer%20Confidence%20Report%202010.pdf,No
77,17,31,Cook,Illinois,IL0312880,SKOKIE,Region 5,Community water system,64784,SKOKIE,Large,1,https://www.skokie.org/DocumentCenter/View/3640/Skokie-2019-Water-Quality-Report-PDF,2020,No,0,23.84,23.84,Acceptable,8,45,7,1281,12,3,22,63.15789474,Original,None,Missing
78,17,31,Cook,Illinois,IL0310450,CHICAGO HEIGHTS,Region 5,Community water system,30392,CHICAGO HEIGHTS,Large,1,http://cityofchicagoheights.org/DocumentCenter/View/2343/Consumer-Confidence-Report-2020,2020,No,0,-10.82,0,Acceptable,4,45,7,5,14,33,21,66.66666667,Original,None,Missing
79,17,31,Cook,Illinois,IL0311860,MELROSE PARK,Region 5,Community water system,25514,MELROSE PARK,Large,1,http://www.melrosepark.org/wp-content/uploads/2020/06/2019-Annual-Water-Quality-Report.pdf,2020,No,0,43.26,43.26,Acceptable,3,45,208,5,10,2,24,4.587155963,Autotagged,None,Missing
80,17,31,Cook,Illinois,IL0314740,PARK FOREST,Region 5,Community water system,21975,PARK FOREST,Large,1,http://www.vopfwaterreport.com/,2020,No,0,7.56,7.56,Acceptable,2,45,58,6,10,3,24,14.70588235,Autotagged,None,Missing
81,17,31,Cook,Illinois,IL0314180,BUFFALO GROVE,Region 5,Community water system,41266,BUFFALO GROVE,Large,1,https://issuu.com/vbg0/docs/waterccr_2019?fr=sMDdiZDU0MzE5,2020,No,0,-13.56,0,Acceptable,8,45,847,14,10,3,24,1.166861144,Autotagged,None,Missing
82,17,31,Cook,Illinois,IL0312730,ROLLING MEADOWS,Region 5,Community water system,24099,ROLLING MEADOWS,Large,1,https://www.cityrm.org/ArchiveCenter/ViewFile/Item/6534,2020,No,0,-0.97,0,Acceptable,6,45,225,9,12,9,18,5.063291139,Autotagged,None,Missing
83,17,31,Cook,Illinois,IL0315350,AQUA ILLINOIS-NORTH MAINE UTILITIES,Region 5,Community water system,30043,-,Large,1,https://www.aquaamerica.com/WaterQualityReports/2019/IL/IL0315350.pdf,2020,No,0,9.59,9.59,Acceptable,4,45,332,11,14,4,19,4.046242775,Autotagged,None,Missing
84,17,31,Cook,Illinois,IL0312520,POSEN,Region 5,Community water system,5820,POSEN,Medium,1,https://www.villageofposen.org/vop/wp-content/uploads/2020/05/2020-CCR-Water-Report-PPW.pdf,2020,No,0,-23.85,0,Acceptable,6,45,10,10,15,3,20,60,Original,None,Missing
85,17,31,Cook,Illinois,IL0312760,ROSEMONT,Region 5,Community water system,4300,ROSEMONT,Medium,1,https://www.rosemont.com/assets/1/7/2019_Water_Quality_Report.pdf,2020,No,0,17.85,17.85,Acceptable,6,45,171,9,5,2,30,2.840909091,Autotagged,None,Missing
86,17,97,Lake,Illinois,IL0970840,LAKE VILLA,Region 5,Community water system,8829,LAKE VILLA,Medium,0,https://www.lake-villa.org/egov/documents/1588346710_40685.pdf,2020,No,0,-2266.75,0,Acceptable,4,45,182,6,10,11,24,5.208333333,Autotagged,None,Missing
87,17,119,Madison,Illinois,IL1195110,HOLIDAY SHORES SD,Region 5,Community water system,3387,-,Medium,0,http://water.epa.state.il.us/dww/JSP/SearchDispatch?number=&name=&county=All&WaterSystemType=All&SourceWaterType=All&PointOfContactType=None&SampleType=null&begin_date=1%2F24%2F2014&end_date=1%2F24%2F2016&action3=Review+Consumer+Confidence+Data,2020,No,0,-38.19,0,Acceptable,9,45,45,0,0,0,0,0,Corrupted,None,Missing
88,17,143,Peoria,Illinois,IL1430200,CHILLICOTHE,Region 5,Community water system,5996,CHILLICOTHE,Medium,0,http://www.cityofchillicotheil.com/contact_us/public_works/docs/2019%20CCR%20report%20-%20Cleaned.pdf,2020,No,0,7.76,7.76,Acceptable,7,45,82,12,11,3,24,11.82795699,Autotagged,None,Missing
89,17,163,St. Clair,Illinois,IL1630850,MILLSTADT,Region 5,Community water system,4380,MILLSTADT,Medium,0,http://www.villageofmillstadt.org/documents/2019-CCR.pdf,2020,No,0,0,0,Error,9,45,14,10,1,2,35,6.666666667,Autotagged,None,Missing
90,17,197,Will,Illinois,IL1970450,JOLIET,Region 5,Community water system,148693,JOLIET,Very Large,0,https://www.joliet.gov/Home/ShowDocument?id=26006,2020,No,0,36.66,36.66,Acceptable,6,45,98,11,13,7,18,11.71171171,Autotagged,http://www.cityofjoliet.info/for-residents/Water.htm,No
91,18,1,Adams,Indiana,IN5201002,DECATUR WATER DEPARTMENT,Region 5,Community water system,9500,DECATUR,Medium,0,http://www.decaturin.org/Documents/2020%20Drinking%20Water%20Quality%20Report.pdf,2020,No,0,0,0,Error,2,45,6,3,1,2,36,14.28571429,Autotagged,None,Missing
92,18,41,Fayette,Indiana,IN5221001,CONNERSVILLE UTILITIES,Region 5,Community water system,15000,CONNERSVILLE,Large,0,http://connersvillecommunity.com/Portals/0/Documents/Utilities/CCR%202020.pdf,2020,No,0,4.31,4.31,Acceptable,2,45,10,719,12,4,21,54.54545455,Original,http://www.connersvilleutilities.com/,No
93,18,75,Jay,Indiana,IN5238007,PORTLAND MUNICIPAL WATER PLANT,Region 5,Community water system,6209,PORTLAND,Medium,0,N/A,N/A,N/A,N/A,N/A,N/A,N/A,N/A,N/A,N/A,N/A,N/A,N/A,N/A,N/A,N/A,None,Missing
94,18,89,Lake,Indiana,IN5245015,INDIANA AMERICAN WATER - NORTHWEST,Region 5,Community water system,173525,"GARY, MERRILLVILLE",Very Large,0,https://www.amwater.com/ccr/greatergaryarea.pdf,2020,No,0,12.43,12.43,Acceptable,9,45,217,19,15,7,18,6.465517241,Original,http://www.amwater.com/inaw/ensuring-water-quality/water-quality-reports.html,No
95,18,93,Lawrence,Indiana,IN5247004,NORTH LAWRENCE WATER AUTHORITY,Region 5,Community water system,13300,BEDFORD,Large,0,https://northlawrencewater.com/documents/770/CCR_2019.pdf,2020,No,0,22.99,22.99,Acceptable,4,45,141,7,10,3,24,6.622516556,Original,None,Missing
96,18,107,Montgomery,Indiana,IN5254005,INDIANA AMERICAN WATER - CRAWFORDSVILLE,Region 5,Community water system,14855,CRAWFORDSVILLE,Large,0,https://www.amwater.com/ccr/crawfordsville.pdf,2020,No,0,2.45,2.45,Acceptable,9,45,233,16,15,5,18,6.048387097,Original,None,Missing
97,18,113,Noble,Indiana,IN5257008,KENDALLVILLE WATER DEPARTMENT,Region 5,Community water system,9905,KENDALLVILLE,Medium,0,https://www.kendallville-in.org/pdf/water/ccr.pdf,2020,No,0,-140.1,0,Acceptable,2,45,136,3,6,2,31,4.225352113,Original,None,Missing
98,18,157,Tippecanoe,Indiana,IN5279015,PURDUE UNIV. WATER WORKS,Region 5,Community water system,55000,WEST LAFAYETTE,Large,0,https://www.purdue.edu/physicalfacilities/units/energy-utilities/ccr-report.pdf,2020,No,0,-18.91,0,Acceptable,7,45,54,7,15,13,19,21.73913043,Original,None,Missing
99,18,173,Warrick,Indiana,IN5287004,INDIANA AMERICAN WATER - NEWBURGH,Region 5,Community water system,19898,NEWBURGH,Large,0,https://www.amwater.com/ccr/newburgh.pdf,2020,No,0,12.94,12.94,Acceptable,8,45,194,15,15,5,19,7.177033493,Original,None,Missing
100,18,173,Warrick,Indiana,IN5287001,VEOLIA WATER OF BOONVILLE,Region 5,Community water system,10260,BOONVILLE,Large,0,http://cms4.revize.com/revize/boonville/Veolia%20Water%20CCR%20Updated%206.12.2020.pdf,2020,No,0,35.75,35.75,Acceptable,4,45,9,11,5,3,31,35.71428571,Original,None,Missing
101,19,59,Dickinson,Iowa,IA3070078,SPIRIT LAKE WATERWORKS,Region 7,Community water system,5578,SPIRIT LAKE,Medium,0,https://www.cityofspiritlake.org/wp-content/uploads/2020/06/2020-Water-Quality-Report.pdf,2020,No,0,-161.11,0,Acceptable,2,45,44,3,7,3,30,13.7254902,Autotagged,None,Missing
102,19,67,Floyd,Iowa,IA3405012,CHARLES CITY WATER SUPPLY,Region 7,Community water system,7702,CHARLES CITY,Medium,0,https://www.cityofcharlescity.org/ArchiveCenter/ViewFile/Item/690,2020,No,0,-276.65,0,Acceptable,2,45,17,3,14,4,22,45.16129032,Original,https://www.cityofcharlescity.org/ArchiveCenter/ViewFile/Item/639,No
103,19,127,Marshall,Iowa,IA6469042,MARSHALLTOWN WATER WORKS,Region 7,Community water system,27680,MARSHALLTOWN,Large,0,https://img1.wsimg.com/blobby/go/777f8fed-58b1-435c-9425-41060b00131f/downloads/Marsahalltown%20CCR%202020%20English.pdf?ver=1592003311649,2020,No,0,11.82,11.82,Acceptable,2,45,12,3,9,14,24,42.85714286,Original,http://www.marshalltownwater.com/QUALITY.htm,No
104,19,167,Sioux,Iowa,IA8486053,SIOUX CENTER MUNICIPAL WATER DEPARTMENT,Region 7,Community water system,7050,SIOUX CENTER,Medium,0,https://www.siouxcenter.org/DocumentCenter/View/624/Annual-Water-Quality-Report?bidId=,2020,No,0,-184.35,0,Acceptable,3,45,27,4,6,4,29,18.18181818,Autotagged,None,Missing
105,19,169,Story,Iowa,IA8584000,STORY CITY WATER DEPT,Region 7,Community water system,3431,STORY CITY,Medium,0,https://cityofstorycity.org/wp-content/uploads/2020/03/2019-Water-Quality-Report.pdf,2020,No,0,0,0,Error,2,45,6,3,1,2,36,14.28571429,Autotagged,None,Missing
106,20,45,Douglas,Kansas,KS2004503,"LAWRENCE, CITY OF",Region 7,Community water system,97286,LAWRENCE,Large,0,https://assets.lawrenceks.org/utilities/ccr-2020.pdf,2020,No,0,4.86,4.86,Acceptable,4,45,394,11,13,4,19,3.194103194,Original,None,Missing
107,20,103,Leavenworth,Kansas,KS2010312,LANSING CORRECTIONAL FACILITY,Region 7,Community water system,3500,LANSING,Medium,0,https://www.kdheks.gov/pws/2020_CCRs/LANSING_CORRECTIONAL_FACILITY-KS2010312.docx,2020,No,0,-40.36,0,Acceptable,4,45,318,10,8,4,24,2.45398773,Original,None,Missing
108,20,103,Leavenworth,Kansas,KS2010313,LAN DEL WATER DISTRICT,Region 7,Community water system,7302,LANSING,Medium,0,http://lan-del.com/Lan-Del%20Water%20Quality%20Report%202019.pdf,2020,No,0,-7.23,0,Acceptable,2,45,10,11,0,3,36,0,Original,None,Missing
109,21,61,Edmonson,Kentucky,KY0310114,EDMONSON CO WATER DISTRICT,Region 4,Community water system,29872,-,Large,0,https://ecwdwater.com/wp-content/uploads/2020/06/2019-CCR-Edmonson-Co.pdf,2020,No,0,10.95,10.95,Acceptable,2,45,483,8,10,4,23,2.028397566,Autotagged,None,Missing
110,21,107,Hopkins,Kentucky,KY0540936,MADISONVILLE LIGHT & WATER,Region 4,Community water system,28102,-,Large,0,http://www.krwa.org/2019ccr/madisonville.pdf,2020,No,0,13.28,13.28,Acceptable,2,45,77,3,2,4,34,2.53164557,Original,None,Missing
111,21,191,Pendleton,Kentucky,KY0960126,FALMOUTH WATER DEPARTMENT,Region 4,Community water system,3861,-,Medium,0,http://www.krwa.org/2019ccr/falmouth.pdf,2020,No,0,17.27,17.27,Acceptable,3,45,4,3,1,6,36,20,Original,None,Missing
112,21,225,Union,Kentucky,KY1130422,STURGIS WATER WORKS,Region 4,Community water system,3490,-,Medium,0,http://krwa.org/2019ccr/sturgis.pdf,2020,No,0,9.56,9.56,Acceptable,3,45,17,4,2,3,34,10.52631579,Original,None,Missing
113,21,229,Washington,Kentucky,KY1150415,SPRINGFIELD WATER WORKS,Region 4,Community water system,13205,-,Large,0,http://www.krwa.org/2019ccr/springfield.pdf,2020,No,0,0,0,Error,2,45,6,3,1,2,36,14.28571429,Autotagged,None,Missing
114,21,235,Whitley,Kentucky,KY1180468,WHITLEY CO WATER DISTRICT,Region 4,Community water system,9825,-,Medium,0,http://krwa.org/2019ccr/whitley.pdf,2020,No,0,22.62,22.62,Acceptable,5,45,125,6,8,5,29,6.015037594,Original,None,Missing
115,22,15,Bossier Parish,Louisiana,LA1015040,CYPRESS BLACK BAYOU WATER SYSTEM,Region 6,Community water system,4989,-,Medium,0,http://ldh.la.gov/assets/oph/Center-EH/engineering/CCR/2019/Bossier/LA1015040.docx,2020,No,0,-68.34,0,Acceptable,6,45,244,14,8,3,25,3.174603175,Original,None,Missing
116,22,23,Cameron Parish,Louisiana,LA1023011,CAMERON PARISH WW DISTRICT 11-SWEET LAKE,Region 6,Community water system,3696,-,Medium,0,http://ldh.la.gov/assets/oph/Center-EH/engineering/CCR/2019/Cameron/LA1023011.docx,2020,No,0,-76.86,0,Acceptable,6,45,239,18,8,3,25,3.238866397,Original,None,Missing
117,22,41,Franklin Parish,Louisiana,LA1041006,WINNSBORO WATER SYSTEM,Region 6,Community water system,5500,-,Medium,0,http://ldh.la.gov/assets/oph/Center-EH/engineering/CCR/2019/Franklin/LA1041006.docx,2020,No,0,-101.32,0,Acceptable,7,45,325,19,8,3,25,2.402402402,Original,None,Missing
118,22,53,Jefferson Davis Parish,Louisiana,LA1053013,JEFF DAVIS WATER DISTRICT 4,Region 6,Community water system,3834,-,Medium,0,http://ldh.la.gov/assets/oph/Center-EH/engineering/CCR/2019/JeffersonDavis/LA1053013.docx,2020,No,0,-88.84,0,Acceptable,6,45,254,18,8,3,25,3.053435115,Original,None,Missing
119,22,73,Ouachita Parish,Louisiana,LA1073046,SOUTH MONROE WS GOWC,Region 6,Community water system,7577,-,Medium,0,http://ldh.la.gov/assets/oph/Center-EH/engineering/CCR/2019/Ouachita/LA1073046.docx,2020,No,0,-86.5,0,Acceptable,7,45,267,20,8,3,25,2.909090909,Original,None,Missing
120,22,101,St. Mary Parish,Louisiana,LA1101011,WATER & SEWER COMMISSION 4 OF ST MARY,Region 6,Community water system,9348,-,Medium,0,https://ccrwater.net/stmarywscomm4-71055,2020,No,0,-74.97,0,Acceptable,7,45,243,10,11,3,24,4.330708661,Original,None,Missing
121,24,1,Allegany,Maryland,MD0010009,WESTERN REGION ALLEGANY DISTRIB. SYSTEM,Region 3,Community water system,4955,-,Medium,0,https://www.alleganygov.org/DocumentCenter/View/794,2020,No,0,0,0,Error,11,45,16,12,1,2,35,5.882352941,Autotagged,None,Missing
122,24,1,Allegany,Maryland,MD0010005,EASTERN REGION ALLEGANY DISTRIB. SYSTEM,Region 3,Community water system,5703,-,Medium,0,https://www.alleganygov.org/DocumentCenter/View/793,2020,No,0,0,0,Error,11,45,16,12,1,2,35,5.882352941,Autotagged,None,Missing
123,24,13,Carroll,Maryland,MD0060012,CITY OF TANEYTOWN,Region 3,Community water system,6750,-,Medium,0,http://cms6.revize.com/revize/taneytown/departments/public_works/docs/2019%20-%20Water%20Quality%20Report.pdf,2020,No,0,-2.4,0,Acceptable,5,45,153,8,14,7,19,8.383233533,Autotagged,None,Missing
124,24,21,Frederick,Maryland,MD0100025,TOWN OF WALKERSVILLE,Region 3,Community water system,8440,-,Medium,0,http://walkersville-md.com/wp-content/uploads/2020/06/Annual-Drinking-Water-Quality-Report-.doc,2020,No,0,-79.75,0,Acceptable,5,45,5,5,11,5,26,68.75,Original,None,Missing
125,24,35,Queen Anne's,Maryland,MD0170001,TOWN OF CENTREVILLE,Region 3,Community water system,3322,-,Medium,0,https://www.townofcentreville.org/wp-content/uploads/2020/06/2019-CCR-Report.pdf,2020,No,0,-12.34,0,Acceptable,6,45,336,16,14,5,18,4,Autotagged,None,Missing
126,25,9,Essex,Massachusetts,MA3254000,ROWLEY WATER DEPARTMENT,Region 1,Community water system,6325,ROWLEY,Medium,0,https://1oua063xni9w4aubv61y61x2-wpengine.netdna-ssl.com/wp-content/uploads/sites/165/2020/06/2019-CCR.pdf,2020,No,0,24.04,24.04,Acceptable,14,45,409,34,14,9,19,3.309692671,Original,None,Missing
127,25,17,Middlesex,Massachusetts,MA3274000,SOMERVILLE WATER DEPT. (MWRA),Region 1,Community water system,81322,SOMERVILLE,Large,0,https://www.somervillema.gov/sites/default/files/mwra-water-test-results.pdf,2020,No,0,70.04,70.04,Acceptable,8,45,352,12,10,13,23,2.762430939,Autotagged,http://www.mwra.com/water/html/awqr.htm,Yes
128,25,17,Middlesex,Massachusetts,MA2002000,ACTON WATER SUPPLY DISTRICT,Region 1,Community water system,20890,ACTON,Large,0,https://www.actonwater.com/assets/media/documents/WaterWords/2020%20Summer%20Water%20Words.pdf,2020,No,0,3.43,3.43,Acceptable,10,45,16,10,11,5,25,40.74074074,Original,None,Missing
129,25,17,Middlesex,Massachusetts,MA3344000,WINCHESTER WATER DEPT,Region 1,Community water system,22800,WINCHESTER,Large,0,http://www.mwra.com/annual/waterreport/2019results/partially-supplied/winchester.pdf,2020,No,0,-1568.41,0,Acceptable,8,45,426,13,10,13,23,2.293577982,Autotagged,http://www.mwra.com/water/html/awqr.htm,Yes
130,25,17,Middlesex,Massachusetts,MA3342000,WILMINGTON WATER DEPT,Region 1,Community water system,22325,WILMINGTON,Large,0,https://www.wilmingtonma.gov/sites/g/files/vyhlif5221/f/uploads/2019_ccr.pdf,2020,No,0,36.31,36.31,Acceptable,9,45,426,14,10,13,22,2.293577982,Autotagged,http://www.mwra.com/water/html/awqr.htm,Yes
131,25,23,Plymouth,Massachusetts,MA4219000,NORWELL WATER DEPARTMENT,Region 1,Community water system,11258,NORWELL,Large,0,https://www.townofnorwell.net/sites/g/files/vyhlif1011/f/uploads/norwell_2019_final_-_600_dpi.pdf,2020,No,0,27.32,27.32,Acceptable,4,45,566,12,12,5,19,2.076124567,Autotagged,None,Missing
132,25,27,Worcester,Massachusetts,MA2151001,CHERRY VALLEY/ ROCHDALE WATER DISTRICT,Region 1,Community water system,3337,LEICESTER,Medium,0,http://www.cvrwd.com/images/2019_CCR.pdf,2020,No,0,12.37,12.37,Acceptable,10,45,150,24,15,4,18,9.090909091,Original,None,Missing
133,25,27,Worcester,Massachusetts,MA2316000,WEBSTER WATER DEPARTMENT,Region 1,Community water system,16767,WEBSTER,Large,0,https://www.webster-ma.gov/DocumentCenter/View/9485/CCR-2019?bidId=,2020,No,0,-46.55,0,Acceptable,5,45,158,11,13,3,19,7.602339181,Original,None,Missing
134,25,27,Worcester,Massachusetts,MA2153000,LEOMINSTER WATER DIVISION,Region 1,Community water system,40490,LEOMINSTER,Large,0,https://www.leominster-ma.gov/civicax/filebank/blobdload.aspx?BlobID=31076,2020,No,0,-262.44,0,Acceptable,7,45,510,13,14,3,19,2.671755725,Autotagged,None,Missing
135,26,65,Ingham,Michigan,MI0003760,LANSING BOARD OF WATER & LIGHT,Region 5,Community water system,166000,LANSING,Very Large,0,https://www.lbwl.com/sites/default/files/documents/2020-05/wqr2020.pdf,2020,No,0,14.4,14.4,Acceptable,12,45,313,21,13,8,18,3.987730061,Autotagged,http://www.lbwl.com/WaterQualityReport,Yes
136,26,81,Kent,Michigan,MI0007220,WYOMING,Region 5,Community water system,72125,WYOMING,Large,0,https://www.wyomingmi.gov/Portals/0/Documents/Departments/Utilities/Water_Quality_Report_2019.pdf,2020,Yes,100,-190.06,0,Acceptable,2,45,22,3,11,5,23,33.33333333,Autotagged,None,Missing
137,26,87,Lapeer,Michigan,MI0003780,"LAPEER, CITY OF",Region 5,Community water system,8841,LAPEER,Medium,0,https://cms4.revize.com/revize/lapeer/DPWAnnualWaterQualityReports/Consumer%20Confidence%20Report%20-%202018.pdf,2019,No,0,-44.18,0,Acceptable,7,45,80,15,14,4,22,14.89361702,Original,None,Missing
138,26,125,Oakland,Michigan,MI0005440,PONTIAC,Region 5,Community water system,63398,PONTIAC,Large,0,http://www.pontiac.mi.us/WRC_AnnualReport2018.pdf,2019,No,0,15.61,15.61,Acceptable,12,45,60,13,11,12,18,15.49295775,Autotagged,None,Missing
139,26,147,St. Clair,Michigan,MI0004090,MARINE CITY,Region 5,Community water system,4652,MARINE CITY,Medium,0,https://www.cityofmarinecity.org/sites/g/files/vyhlif851/f/uploads/2019_ccr_-_marine_city.pdf,2020,No,0,14.97,14.97,Acceptable,4,45,29,6,7,17,27,19.44444444,Original,None,Missing
140,26,163,Wayne,Michigan,MI0001740,DEARBORN HEIGHTS,Region 5,Community water system,57774,DEARBORN HEIGHTS,Large,0,http://www.ci.dearborn-heights.mi.us/DHT%202017%20CCR%20Report.pdf,2018,No,0,-1.89,0,Acceptable,6,45,81,11,13,6,19,13.82978723,Original,None,Missing
141,27,3,Anoka,Minnesota,MN1020016,Columbia Heights,Region 5,Community water system,20000,Columbia Heights,Large,0,https://cms5.revize.com/revize/columbiaheightsmn/document_center/Sewer%20&%20Water/2019CCR.pdf,2020,No,0,11.42,11.42,Acceptable,3,45,57,6,13,5,21,18.57142857,Original,None,Missing
142,27,3,Anoka,Minnesota,MN1020013,Circle Pines,Region 5,Community water system,5023,Circle Pines,Medium,0,https://www.centennialutilities.com/vertical/sites/%7B8FB5412B-3187-4073-A77B-E6FF861B1AAB%7D/uploads/2019_CCR_Water_Report.pdf,2020,No,0,-378.31,0,Acceptable,6,45,293,4,16,8,19,5.177993528,Autotagged,None,Missing
143,27,139,Scott,Minnesota,MN1700007,Prior Lake,Region 5,Community water system,25282,Prior Lake,Large,0,https://www.cityofpriorlake.com/documents/drinking2019.pdf,2020,No,0,0,0,Error,8,45,12,9,1,2,36,7.692307692,Autotagged,None,Missing
144,28,47,Harrison,Mississippi,MS0240084,CITY OF BILOXI-NORTH,Region 4,Community water system,9606,BILOXI,Medium,0,https://biloxi.ms.us/wp-content/uploads/2020/05/Water-Quality-Report.pdf,2020,No,0,6.71,6.71,Acceptable,5,45,1181,12,9,3,25,0.756302521,Autotagged,None,Missing
145,28,49,Hinds,Mississippi,MS0250021,REEDTOWN WATER ASSN,Region 4,Community water system,5040,-,Medium,0,https://msdh.ms.gov/ccr/2018/135768.pdf#page=1,2019,No,0,0,0,Error,3,45,7,4,1,2,36,12.5,Autotagged,None,Missing
146,28,89,Madison,Mississippi,MS0450007,EAST MADISON WATER ASSN-WEST,Region 4,Community water system,7265,-,Medium,0,https://msdh.ms.gov/ccr/2019/147546.pdf#page=1,2020,No,0,0,0,Error,7,45,11,8,1,2,36,8.333333333,Autotagged,None,Missing
147,28,121,Rankin,Mississippi,MS0610013,LEESBURG WATER ASSOCIATION,Region 4,Community water system,4170,-,Medium,0,http://www.leesburgwater.com/wp-content/uploads/2020/05/2019CCR.pdf,2020,No,0,-24.64,0,Acceptable,2,45,7,3,2,3,34,22.22222222,Autotagged,None,Missing
148,28,153,Wayne,Mississippi,MS0770003,CITY OF WAYNESBORO,Region 4,Community water system,4944,WAYNESBORO,Medium,0,https://msdh.ms.gov/ccr/2019/146840.pdf#page=1,2020,No,0,0,0,Error,6,45,10,7,1,2,36,9.090909091,Autotagged,None,Missing
149,29,23,Butler,Missouri,MO4010656,POPLAR BLUFF PWS,Region 7,Community water system,17266,POPLAR BLUFF,Large,0,https://dnr.mo.gov/ccr/MO4010656.pdf,2020,No,0,12.47,12.47,Acceptable,3,45,223,8,9,4,24,3.879310345,Original,None,Missing
150,29,37,Cass,Missouri,MO1024111,CASS COUNTY PWSD 7,Region 7,Community water system,4307,FREEMAN,Medium,0,https://dnr.mo.gov/ccr/MO1024111.pdf,2020,No,0,13.69,13.69,Acceptable,3,45,249,8,11,4,23,4.230769231,Original,None,Missing
151,29,43,Christian,Missouri,MO5010576,NIXA PWS,Region 7,Community water system,21000,NIXA,Large,0,https://dnr.mo.gov/ccr/MO5010576.pdf,2020,No,0,10.74,10.74,Acceptable,3,45,220,7,9,4,24,3.930131004,Original,None,Missing
152,29,71,Franklin,Missouri,MO6024211,FRANKLIN COUNTY PWSD 1,Region 7,Community water system,3500,WASHINGTON,Medium,0,https://dnr.mo.gov/ccr/MO6024211.pdf,2020,No,0,13.48,13.48,Acceptable,3,45,243,8,10,4,23,3.95256917,Original,None,Missing
153,29,71,Franklin,Missouri,MO6024213,FRANKLIN COUNTY PWSD 3,Region 7,Community water system,8250,"GRAY SUMMIT, LABADIE, VILLA RIDGE",Medium,0,https://dnr.mo.gov/ccr/MO6024213.pdf,2020,No,0,15.41,15.41,Acceptable,3,45,232,5,10,4,23,4.132231405,Original,None,Missing
154,29,83,Henry,Missouri,MO1010177,HENRY COUNTY WATER COMPANY,Region 7,Community water system,9014,CLINTON,Medium,0,https://dnr.mo.gov/ccr/MO1010177.pdf,2020,No,0,27.08,27.08,Acceptable,3,45,178,4,7,3,30,3.783783784,Autotagged,None,Missing
155,29,99,Jefferson,Missouri,MO6024300,JEFFERSON CO PWSD  8,Region 7,Community water system,4733,CEDAR HILL,Medium,0,https://dnr.mo.gov/ccr/MO6024300.pdf,2020,No,0,9.52,9.52,Acceptable,3,45,213,5,10,4,23,4.484304933,Original,None,Missing
156,30,111,Yellowstone,Montana,MT0000153,BILLINGS  CITY OF,Region 8,Community water system,"114,000",BILLINGS,Very Large,0,https://www.billingsmtpublicworks.gov/DocumentCenter/View/262/CCR-2019,2020,No,0,-314,0,Acceptable,12,45,232,8,14,13,19,5.691056911,Original,https://www.billingsmtpublicworks.gov/DocumentCenter/View/262/CCR-2019,Yes
157,31,37,Colfax,Nebraska,NE3103701,"SCHUYLER, CITY OF",Region 7,Community water system,6211,SCHUYLER,Medium,0,N/A,N/A,N/A,N/A,N/A,N/A,N/A,N/A,N/A,N/A,N/A,N/A,N/A,N/A,N/A,N/A,None,Missing
158,31,127,Nemaha,Nebraska,NE3112703,"AUBURN, CITY OF",Region 7,Community water system,3460,AUBURN,Medium,0,https://auburnbpw.com/wp-content/uploads/2020-Quality-on-Tap-report-2019-FY.pdf,2020,No,0,0,0,Error,2,45,6,3,1,2,36,14.28571429,Autotagged,None,Missing
159,31,153,Sarpy,Nebraska,NE3115303,"GRETNA, CITY OF",Region 7,Community water system,10852,GRETNA,Large,0,https://www.gretnane.org/DocumentCenter/View/1730/2019-Quality-Water-Report-PDF?bidId=,2020,No,0,-137.02,0,Acceptable,3,45,152,7,9,4,24,5.590062112,Original,None,Missing
160,32,3,Clark,Nevada,NV0000011,BOULDER CITY,Region 9,Community water system,15000,BOULDER CITY,Large,1,http://www.bcnv.org/280/Water-Quality-Consumer-Confidence-Report,2020,No,0,-38.23,0,Acceptable,4,45,9,6,8,8,26,47.05882353,Original,http://www.bcnv.org/?q=waterreport,Yes
161,32,19,Lyon,Nevada,NV0000255,YERINGTON CITY OF,Region 9,Community water system,5050,-,Medium,0,http://www.coypw.com/ccr2019/pdf/ccr_2019_rev_a_yerington_nv.pdf,2020,Yes,100,37.88,37.88,Acceptable,4,45,617,11,10,7,23,1.594896332,Autotagged,None,Missing
162,34,3,Bergen,New Jersey,NJ0232001,LYNDHURST WATER DEPARTMENT,Region 2,Community water system,20500,LYNDHURST TWP-0232,Large,0,http://www.lyndhurstnj.org/CCR.pdf,2020,No,0,0,0,Error,15,45,20,16,1,2,35,4.761904762,Autotagged,None,Missing
163,34,11,Cumberland,New Jersey,NJ0610001,MILLVILLE WATER DEPARTMENT,Region 2,Community water system,27500,MILLVILLE CITY-0610,Large,0,http://www.millvillenj.gov/DocumentCenter/View/2589/2019-CCR,2020,No,0,-46.96,0,Acceptable,2,45,39,6,15,6,19,27.77777778,Original,None,Missing
164,34,15,Gloucester,New Jersey,NJ0808001,NJ AMERICAN WATER - HARRISON,Region 2,Community water system,9193,HARRISON TWP.-0808,Very Large,0,https://www.amwater.com/ccr/harrison.pdf,2020,No,0,13.96,13.96,Acceptable,9,45,38,10,9,15,25,19.14893617,Original,None,Missing
165,34,25,Monmouth,New Jersey,NJ1340001,RED BANK WATER DEPT,Region 2,Community water system,12520,"FAIR HAVEN BORO-1313, LITTLE SILVER BORO-1323, RED BANK BORO-1340",Large,0,https://www.redbanknj.org/DocumentCenter/View/11018/Water-Quality-Report-for-the-Year-2019,2020,No,0,-45.47,0,Acceptable,10,45,172,25,11,6,20,6.010928962,Original,None,Missing
166,34,27,Morris,New Jersey,NJ1424001,SOUTHEAST MORRIS COUNTY MUA,Region 2,Community water system,62053,"CHATHAM BORO-1404, HANOVER TWP.-1412, HARDING TWP.-1413, MENDHAM TWP.-1419, MORRIS PLAINS BORO-1423, MORRIS TWP.-1422, MORRISTOWN TOWN-1424",Large,0,https://smcmua.org/2019WaterQualityReport.pdf,2020,No,0,-159.97,0,Acceptable,9,45,3217,21,14,7,19,0.433302383,Original,None,Missing
167,34,29,Ocean,New Jersey,NJ1525001,POINT PLEASANT BEACH WATER DEPARTMENT,Region 2,Community water system,12000,POINT P. BEACH BORO-1525,Large,0,https://pointpleasantbeach.org/wp-content/uploads/2020/06/WaterReport-2020.pdf,2020,No,0,-156.34,0,Acceptable,4,45,377,10,14,4,20,3.58056266,Autotagged,None,Missing
168,34,35,Somerset,New Jersey,NJ0712001,NJ AMERICAN WATER - SHORT HILLS,Region 2,Community water system,217230,"BEDMINSTER TWP.-1801, BELVIDERE TOWN-2103, BERKELEY HEIGHTS TWP.-2001, BERNARDS TWP.-1802, BERNARDSVILLE BORO-1803, CHATHAM BORO-1404, CHESTER TWP.-1407, FAR HILLS BORO-1807, FLORHAM PARK BORO-1411, FRANKLIN TWP.-2105, FRENCHTOWN BORO-1011, HARDING TWP.-1413, HILLSIDE TWP.-2007, IRVINGTON TOWN-0709, LITTLE FALLS TWP.-1605, LIVINGSTON TWP.-0710, MAPLEWOOD TWP.-0711, MENDHAM BORO-1418, MENDHAM TWP.-1419, MILLBURN TWP.-0712, MOUNT OLIVE TWP.-1427, NEW PROVIDENCE BORO-2011, NORTH CALDWELL BORO-0715, OXFORD TWP.-2117, SOUTH ORANGE VILLAGE-0719, SPRINGFIELD TWP.-2017, SUMMIT CITY-2018, UNION TWP-.2019, WARREN TWP.-1820",Very Large,0,https://www.amwater.com/ccr/shorthills.pdf,2020,No,0,-2.84,0,Acceptable,13,45,396,22,15,9,18,3.649635036,Original,http://www.amwater.com/njaw/ensuring-water-quality/water-quality-reports.html,No
169,34,41,Warren,New Jersey,NJ2108001,HACKETTSTOWN MUA,Region 2,Community water system,22000,HACKETTSTOWN TOWN-2108,Large,0,http://hmua.com/doc/2019-water-quality-report.pdf,2020,No,0,23.73,23.73,Acceptable,2,45,10,484,3,3,31,23.07692308,Original,None,Missing
170,36,19,Clinton,New York,NY0904192,CLINTON CORRECTIONAL FACILITY,Region 2,Community water system,4900,DANNEMORA (V),Medium,0,N/A,N/A,N/A,N/A,N/A,N/A,N/A,N/A,N/A,N/A,N/A,N/A,N/A,N/A,N/A,N/A,None,Missing
171,36,33,Franklin,New York,NY1600012,TUPPER LAKE V,Region 2,Community water system,5500,TUPPER LAKE (V),Medium,0,https://www.tupperlakeny.gov/vertical/sites/%7BE08972AB-854D-4CB7-B840-09015FB2A25A%7D/uploads/Annual_Water_Quality_Report_2019.pdf,2020,No,0,36.62,36.62,Acceptable,4,45,8,5,1,3,36,11.11111111,Autotagged,None,Missing
172,36,53,Madison,New York,NY2602371,CAZENOVIA VILLAGE,Region 2,Community water system,3635,CAZENOVIA (V),Medium,0,http://villageofcazenovia.com/wp-content/uploads/2020/03/Village-of-Caz-2019-AWQR-.doc,2020,No,0,-16.61,0,Acceptable,6,45,31,16,10,6,26,24.3902439,Original,None,Missing
173,36,55,Monroe,New York,NY2704518,ROCHESTER CITY,Region 2,Community water system,214000,ROCHESTER (C),Very Large,0,https://www.cityofrochester.gov/WorkArea/DownloadAsset.aspx?id=21474844274,2020,No,0,6.04,6.04,Acceptable,9,45,71,10,14,16,17,16.47058824,Autotagged,http://www.cityofrochester.gov/article.aspx?id=8589936856,Yes
174,36,59,Nassau,New York,NY2902822,FRANKLIN SQUARE WD,Region 2,Community water system,20000,"HEMPSTEAD (T), STEWART MANOR (V)",Large,0,http://www.fswd.org/wp-content/uploads/2020/06/2019-Water-Quality-Report.pdf,2020,No,0,-126.9,0,Acceptable,5,45,23,827,3,3,31,11.53846154,Original,None,Missing
175,36,71,Orange,New York,NY3503531,HARRIMAN VILLAGE,Region 2,Community water system,5000,HARRIMAN (V),Medium,0,https://www.villageofharriman.org/uploads/4/2/9/6/42961709/harriman_awqr_19.pdf,2020,No,0,-83.97,0,Acceptable,6,45,38,8,16,5,19,29.62962963,Original,None,Missing
176,36,71,Orange,New York,NY3503554,PORT JERVIS CITY,Region 2,Community water system,9000,PORT JERVIS (C),Medium,0,https://www.portjervisny.org/wp-content/uploads/2020/05/2019-AWQR-Final.pdf,2020,No,0,-204.66,0,Acceptable,6,45,4,7,5,3,31,55.55555556,Original,None,Missing
177,36,71,Orange,New York,NY3511338,U.S.M.A. - STONEY LONESOME SYS,Region 2,Community water system,4000,HIGHLANDS (T),Medium,0,N/A,N/A,N/A,N/A,N/A,N/A,N/A,N/A,N/A,N/A,N/A,N/A,N/A,N/A,N/A,N/A,None,Missing
178,36,83,Rensselaer,New York,NY4100041,HOOSICK FALLS (V) PWS,Region 2,Community water system,4925,HOOSICK FALLS (V),Medium,0,https://www.villageofhoosickfalls.com/Media/PDF/WaterQualityReport2016.pdf,2017,No,0,0,0,Error,19,45,24,20,1,2,35,4,Autotagged,None,Missing
179,36,101,Steuben,New York,NY5001212,MORNINGSIDE HEIGHTS WD / ERWIN (T),Region 2,Community water system,4570,ERWIN (T),Medium,0,https://www.erwinny.org/AnnualWaterReport.pdf,2020,No,0,-72.09,0,Acceptable,8,45,14,14,14,4,20,50,Original,None,Missing
180,36,103,Suffolk,New York,NY5103705,RIVERHEAD WD,Region 2,Community water system,35000,RIVERHEAD (T),Large,0,https://www.townofriverheadny.gov/files/documents/2019AnnualWaterQualityReport958080430052920AM.pdf,2020,No,0,-84.78,0,Acceptable,5,45,15,688,3,3,31,16.66666667,Original,None,Missing
181,36,109,Tompkins,New York,NY5404416,ITHACA CITY,Region 2,Community water system,29457,ITHACA (C),Large,0,https://www.cityofithaca.org/ArchiveCenter/ViewFile/Item/2093,2020,No,0,-12.48,0,Acceptable,14,45,50,14,12,4,25,19.35483871,Original,None,Missing
182,36,117,Wayne,New York,NY5821130,ARCADIA-LYONS CSA,Region 2,Community water system,5760,LYONS (T),Medium,0,http://www.wcwsa.org/wqr/arc-lyons.pdf,2020,No,0,3.09,3.09,Acceptable,6,45,36,9,15,4,19,29.41176471,Original,None,Missing
183,36,119,Westchester,New York,NY5903425,CROTON-ON-HUDSON VILLAGE,Region 2,Community water system,8000,CROTON-ON-HUDSON (V),Medium,0,https://www.crotononhudson-ny.gov/sites/g/files/vyhlif441/f/uploads/ny000109_wr.pdf,2020,No,0,29.25,29.25,Acceptable,6,45,155,131,8,3,25,4.90797546,Original,None,Missing
184,36,121,Wyoming,New York,NY6000618,WARSAW VILLAGE,Region 2,Community water system,3850,"WARSAW (T), WARSAW (V)",Medium,0,N/A,N/A,N/A,N/A,N/A,N/A,N/A,N/A,N/A,N/A,N/A,N/A,N/A,N/A,N/A,N/A,None,Missing
185,37,27,Caldwell,North Carolina,NC0114030,"GRANITE FALLS, TOWN OF",Region 4,Community water system,6386,GRANITE FALLS,Medium,0,https://granitefallsnc.govoffice3.com/vertical/Sites/%7B4576E5AF-4719-425A-8B42-427EECA78B10%7D/uploads/Granite_Falls__Town_of.pdf,2020,No,0,-99.97,0,Acceptable,3,45,14,8,10,4,25,41.66666667,Autotagged,None,Missing
186,37,31,Carteret,North Carolina,NC0416028,BOGUE BANKS WATER CORPORATION,Region 4,Community water system,4995,EMERALD ISLE,Medium,0,https://boguebankswater.com/documents/175/2019_Water_Quality_Report.pdf,2020,No,0,-61.81,0,Acceptable,5,45,61,15,10,4,25,14.08450704,Original,None,Missing
187,37,51,Cumberland,North Carolina,NC5026027,EASTOVER SANITARY DISTRICT,Region 4,Community water system,6705,EASTOVER,Medium,0,https://eastoversanitarydistrict.com/documents/336/CCR_2019.pdf,2020,No,0,0,0,Error,8,45,12,9,1,2,36,7.692307692,Autotagged,None,Missing
188,37,175,Transylvania,North Carolina,NC0188010,"BREVARD, CITY OF",Region 4,Community water system,10686,BREVARD,Large,0,https://www.cityofbrevard.com/DocumentCenter/View/2899/2019-Consumer-Confidence-Report-PDF,2020,No,0,-118.34,0,Acceptable,5,45,50,38,8,6,25,13.79310345,Original,None,Missing
189,37,179,Union,North Carolina,NC0190413,UNION COUNTY WATER SYSTEM,Region 4,Community water system,134066,MONROE,Very Large,0,https://online.fliphtml5.com/sogm/ekqi/,2020,Yes,100,0,0,Error,16,45,21,17,1,2,35,4.545454545,Autotagged,None,Missing
190,38,17,Cass,North Dakota,ND0901483,CASS RURAL WATER DISTRICT FARGO,Region 8,Community water system,4242,-,Medium,0,https://www.cassruralwater.com/wp-content/uploads/2019-Water-Quality-Report.pdf,2020,No,0,0,0,Error,8,45,12,9,1,2,36,7.692307692,Autotagged,None,Missing
191,38,35,Grand Forks,North Dakota,ND1801056,AGASSIZ WATER USERS DISTRICT,Region 8,Community water system,3438,-,Medium,0,http://awud.org/data/_uploaded/reports/2018-water-report.pdf,2019,No,0,-321.68,0,Acceptable,2,45,29,3,3,3,32,9.375,Original,None,Missing
192,39,27,Clinton,Ohio,OH1400111,BLANCHESTER VILLAGE PWS,Region 5,Community water system,4243,-,Medium,0,N/A,N/A,N/A,N/A,N/A,N/A,N/A,N/A,N/A,N/A,N/A,N/A,N/A,N/A,N/A,N/A,None,Missing
193,39,35,Cuyahoga,Ohio,OH1801003,LAKEWOOD CITY PWS,Region 5,Community water system,52100,-,Large,0,http://www.onelakewood.com/wp-content/uploads/2019/05/WaterQualityReport2018.pdf,2019,No,0,-37.72,0,Acceptable,3,45,101,11,14,4,19,12.17391304,Original,None,Missing
194,39,39,Defiance,Ohio,OH2000212,HICKSVILLE VILLAGE,Region 5,Community water system,3581,-,Medium,0,https://www.villageofhicksville.com/gov/wp-content/uploads/2020/06/Hicksville-CCR-2019.pdf,2020,No,0,-27.23,0,Acceptable,3,45,173,7,15,3,19,7.978723404,Autotagged,None,Missing
195,39,43,Erie,Ohio,OH2201411,SANDUSKY CITY,Region 5,Community water system,25793,-,Large,0,http://www.ci.sandusky.oh.us/Public%20Works/Water%20Quality%20Report%202019.pdf,2020,No,0,6.38,6.38,Acceptable,6,45,259,7,14,6,19,5.128205128,Autotagged,None,Missing
196,39,61,Hamilton,Ohio,OH3102212,WYOMING CITY PWS,Region 5,Community water system,9700,-,Medium,0,https://wyomingohio.gov/download/Water%20Department/Consumer%20Confidence%20Report/2019-Consumer-Confidence-Report.pdf,2020,No,0,26.07,26.07,Acceptable,4,45,264,8,10,6,23,3.649635036,Autotagged,None,Missing
197,39,71,Highland,Ohio,OH3600614,HILLSBORO CITY,Region 5,Community water system,6650,-,Medium,0,https://www.hillsboroohio.net/egov/documents/1588597994_26398.pdf,2020,No,0,-14.75,0,Acceptable,4,45,3,5,5,4,31,62.5,Original,None,Missing
198,39,113,Montgomery,Ohio,OH5701212,MIAMISBURG CITY PWS,Region 5,Community water system,20034,-,Large,0,http://www.ci.miamisburg.oh.us/index.php?option=com_docman&task=doc_download&gid=532&Itemid=119,2020,No,0,11.72,11.72,Acceptable,4,45,11,272,4,3,30,26.66666667,Original,None,Missing
199,39,155,Trumbull,Ohio,OH7803203,TRUMBULL CO.-SOUTHEAST PWS,Region 5,Community water system,8850,-,Medium,0,http://www.sanengr.co.trumbull.oh.us/ccr/SE.pdf,2020,No,0,-48.98,0,Acceptable,6,45,12,874,13,7,20,52,Original,None,Missing
200,40,21,Cherokee,Oklahoma,OK1221637,CHEROKEE CO. RWD #11,Region 6,Community water system,3395,-,Medium,0,http://nebula.wsimg.com/8813102e8ca07d7f15f8dd89dc82c238?AccessKeyId=4AAD35A3C610A37FA19B&disposition=0alloworigin=1,2019,No,0,-19.25,0,Acceptable,4,45,224,1157,8,3,25,3.448275862,Original,None,Missing
201,40,79,Le Flore,Oklahoma,OK3004001,LEFLORE CO. RWD #14,Region 6,Community water system,9077,-,Medium,0,http://sdwis.deq.state.ok.us/DWW/CCReports/OK3004001.pdf,2020,No,0,10.34,10.34,Acceptable,4,45,330,14,10,4,24,2.941176471,Autotagged,None,Missing
202,40,121,Pittsburg,Oklahoma,OK3006112,ADAMSON RWD #8,Region 6,Community water system,4306,-,Medium,0,https://adamsonwater.com/documents/1019/OK3006112.pdf,2019,No,0,-6.96,0,Acceptable,3,45,131,834,8,3,25,5.755395683,Original,None,Missing
203,40,121,Pittsburg,Oklahoma,OK3006112,ADAMSON RWD #8,Region 6,Community water system,4306,-,Medium,0,https://adamsonwater.com/documents/1019/OK3006112.pdf,2019,No,0,-6.96,0,Acceptable,3,45,131,834,8,3,25,5.755395683,Original,None,Missing
204,40,143,Tulsa,Oklahoma,OK3007223,GLENPOOL WATER,Region 6,Community water system,12500,-,Large,0,http://www.cityofglenpool.com/DocumentCenter/View/824/2018-Annual-Water-Quality-Report?bidId=,2018,No,0,0,0,Error,6,45,10,7,1,2,36,9.090909091,Autotagged,None,Missing
205,41,17,Deschutes,Oregon,OR4100693,REDMOND WATER DEPARTMENT,Region 10,Community water system,27427,-,Large,0,https://www.redmondoregon.gov/home/showdocument?id=21327,2020,No,0,17.85,17.85,Acceptable,2,45,45,0,0,0,0,0,Corrupted,None,Missing
206,41,19,Douglas,Oregon,OR4100957,WINSTON-DILLARD WATER DISTRICT,Region 10,Community water system,8060,-,Medium,0,https://www.wdwd.us/uploads/3/4/5/2/34525748/ccr_2013.pdf,2013,No,0,0.76,0.76,Acceptable,2,45,24,7,7,5,27,22.58064516,Original,None,Missing
207,41,39,Lane,Oregon,OR4100246,"CRESWELL, CITY OF",Region 10,Community water system,5075,-,Medium,0,https://www.ci.creswell.or.us/sites/default/files/fileattachments/public_works/page/781/water_quailty_report_2019.pdf,2020,No,0,-33.87,0,Acceptable,2,45,52,5,12,3,23,18.75,Original,None,Missing
208,41,41,Lincoln,Oregon,OR4100566,"NEWPORT, CITY OF",Region 10,Community water system,10160,-,Large,0,https://www.newportoregon.gov/dept/pwk/documents/2019_Water_Quality_Report.pdf,2020,No,0,-22.67,0,Acceptable,4,45,44,16,13,4,20,22.80701754,Original,None,Missing
209,41,41,Lincoln,Oregon,OR4100798,SEAL ROCK WATER DISTRICT,Region 10,Community water system,5500,-,Medium,0,https://www.srwd.org/files/bd7748a0b/SRWD+2019+CCR+200615.pdf,2020,No,0,35.44,35.44,Acceptable,7,45,69,47,13,3,19,15.85365854,Original,None,Missing
210,41,59,Umatilla,Oregon,OR4100914,"UMATILLA, CITY OF",Region 10,Community water system,6980,-,Medium,0,https://www.umatilla-city.org/sites/default/files/fileattachments/utilities/page/711/year2019_ccr_whole.pdf,2020,No,0,28.64,28.64,Acceptable,3,45,112,3,15,4,19,11.81102362,Original,None,Missing
211,42,11,Berks,Pennsylvania,PA3060052,CAERNARVON TWP AUTH,Region 3,Community water system,4245,-,Medium,0,http://www.caernarvonwater.com/Documents/CTA2019notice.pdf,2020,No,0,-22.29,0,Acceptable,2,45,7,3,4,4,30,36.36363636,Original,None,Missing
212,42,17,Bucks,Pennsylvania,PA1090128,DTMA MAIN SYSTEM,Region 3,Community water system,8655,-,Medium,0,https://doylestownpa.org/wp-content/uploads/2020/06/Water-Quality-Report-PWS1090128-2019.pdf,2020,No,0,18.8,18.8,Acceptable,4,45,417,1037,8,3,26,1.882352941,Original,None,Missing
213,42,59,Greene,Pennsylvania,PA5300005,MUN AUTH BORO OF CARMICHAELS,Region 3,Community water system,4700,-,Medium,0,http://www.carmichaelswaterauthority.com/wp-content/uploads/2020/05/2019CCR.pdf,2020,No,0,0,0,Error,6,45,10,7,1,2,36,9.090909091,Autotagged,None,Missing
214,42,71,Lancaster,Pennsylvania,PA7360113,EAST COCALICO TOWNSHIP,Region 3,Community water system,6735,-,Medium,0,https://www.eastcocalicotownship.com/sites/eastcocalicopa/files/uploads/ccr2017.pdf,2018,No,0,-904.63,0,Acceptable,4,45,567,8,14,4,19,2.409638554,Autotagged,None,Missing
215,42,71,Lancaster,Pennsylvania,PA7360143,WEST EARL WATER AUTHORITY,Region 3,Community water system,4327,-,Medium,0,http://www.westearltwp.org/documents/2019-CCR.pdf,2020,No,0,-109.82,0,Acceptable,12,45,16,12,1,3,35,5.882352941,Original,None,Missing
216,42,83,McKean,Pennsylvania,PA6420019,PA AMERICAN WATER CO KANE,Region 3,Community water system,5725,-,Medium,0,https://www.amwater.com/ccr/kane.pdf,2020,No,0,17.51,17.51,Acceptable,7,45,67,12,13,6,20,16.25,Original,None,Missing
217,42,97,Northumberland,Pennsylvania,PA4490023,PA AMERICAN WHITE DEER,Region 3,Community water system,30209,-,Large,0,https://www.amwater.com/ccr/whitedeer.pdf,2020,No,0,12.94,12.94,Acceptable,8,45,85,15,13,6,20,13.26530612,Original,None,Missing
218,45,47,Greenwood,South Carolina,SC2410001,GREENWOOD CPW (2410001),Region 4,Community water system,47947,GREENWOOD,Large,0,http://greenwoodcpw.com/waterqualityreport.pdf,2020,No,0,15.17,15.17,Acceptable,5,45,223,22700,9,5,23,3.879310345,Autotagged,None,Missing
219,45,63,Lexington,South Carolina,SC3220003,JOINT MUNICIPAL WSC (3220003),Region 4,Community water system,34317,LEXINGTON,Large,0,http://lcjmwsc.com/Data/Sites/1/media/water-quality-report-2019.pdf,2020,No,0,10.13,10.13,Acceptable,2,45,11,369,8,3,26,42.10526316,Original,None,Missing
220,45,67,Marion,South Carolina,SC3320001,MARCO RURAL WATER CO (SC3320001),Region 4,Community water system,15082,MARION,Large,0,https://marcoruralwater.org/documents/269/2019_CCR.pdf,2020,No,0,-0.87,0,Acceptable,4,45,253,9,10,4,24,3.802281369,Original,None,Missing
221,45,77,Pickens,South Carolina,SC3910003,LIBERTY CITY OF (SC3910003),Region 4,Community water system,3338,LIBERTY,Medium,0,https://www.libertysc.com/sites/default/files/uploads/internal/ccr_liberty_2019.pdf,2020,No,0,-72.53,0,Acceptable,3,45,5,4,10,4,25,66.66666667,Original,None,Missing
222,45,85,Sumter,South Carolina,SC4320001,DALZELL WATER DISTRICT (SC4320001),Region 4,Community water system,3912,DALZELL,Medium,0,https://www.sumtersc.gov/sites/default/files/uploads/Departments/Water/annual_water_quality_report.pdf,2020,No,0,34.22,34.22,Acceptable,10,45,316,14,10,2,23,3.067484663,Autotagged,None,Missing
223,45,91,York,South Carolina,SC4610002,ROCK HILL CITY OF (SC4610002),Region 4,Community water system,74377,ROCK HILL,Large,0,https://www.cityofrockhill.com/home/showdocument?id=26616,2020,No,0,-40.52,0,Acceptable,16,45,664,20,14,11,17,2.064896755,Autotagged,None,Missing
224,46,83,Lincoln,South Dakota,SD4600304,LINCOLN COUNTY RURAL WATER SYSTEM,Region 8,Community water system,5788,"HARRISBURG, SIOUX FALLS",Medium,0,http://www.lincolncoruralwater.com/wp-content/uploads/2020/03/Consumer-Confidence-Report-for-2019.pdf,2020,No,0,-387.99,0,Acceptable,4,45,6,7,10,3,27,62.5,Original,None,Missing
225,47,45,Dyer,Tennessee,TN0000518,NORTHWEST DYERSBURG U D,Region 4,Community water system,4158,DYERSBURG,Medium,0,N/A,N/A,N/A,N/A,N/A,N/A,N/A,N/A,N/A,N/A,N/A,N/A,N/A,N/A,N/A,N/A,None,Missing
226,47,49,Fentress,Tennessee,TN0000324,JAMESTOWN WATER DEPT,Region 4,Community water system,4042,JAMESTOWN,Medium,0,N/A,N/A,N/A,N/A,N/A,N/A,N/A,N/A,N/A,N/A,N/A,N/A,N/A,N/A,N/A,N/A,None,Missing
227,47,53,Gibson,Tennessee,TN0000813,GIBSON CO MUN WATER DIST #4,Region 4,Community water system,3422,TRENTON,Medium,0,https://www.gibsoncountywater.com/documents/311/2019_CCR.pdf,2020,No,0,25.26,25.26,Acceptable,2,45,233,5,14,3,20,5.668016194,Autotagged,None,Missing
228,47,65,Hamilton,Tennessee,TN0000037,UNION FORK-BAKEWELL UTILITY DISTRICT,Region 4,Community water system,5223,BAKEWELL,Medium,0,http://ufbud.com/wp-content/uploads/2020/06/UFBUDccr2019.pdf,2020,No,0,-43.27,0,Acceptable,2,45,187,4,15,6,19,7.425742574,Original,None,Missing
229,47,163,Sullivan,Tennessee,TN0000073,BRISTOL DEPTARTMENT OF UTILITIES,Region 4,Community water system,33199,BRISTOL,Large,0,https://www.bristoltn.org/DocumentCenter/View/8665/CCR-final-version,2020,No,0,14.74,14.74,Acceptable,6,45,6,5945,0,3,36,0,Original,None,Missing
230,47,163,Sullivan,Tennessee,TN0000349,KINGSPORT WATER DEPT,Region 4,Community water system,103427,KINGSPORT,Very Large,0,https://www.kingsporttn.gov/wp-content/uploads/2020/03/ccr2019.pdf,2020,No,0,-2.67,0,Acceptable,10,45,439,14,7,68,25,1.569506726,Original,None,Missing
231,47,185,White,Tennessee,TN0000569,QUEBECK WALLING UTILITY DIST,Region 4,Community water system,4838,-,Medium,0,http://www.qwudtn.com/wp-content/uploads/2020/03/CCF_000044.pdf,2020,No,0,0,0,Error,2,45,6,3,1,2,36,14.28571429,Autotagged,None,Missing
232,47,187,Williamson,Tennessee,TN0000511,NOLENSVILLE-COLLEGE GROVE UD,Region 4,Community water system,28919,NOLENSVILLE,Large,0,https://www.ncgud.com/wp-content/uploads/2020/06/2019-CCR.pdf,2020,No,0,-33.46,0,Acceptable,3,45,324,6,14,4,20,4.142011834,Autotagged,None,Missing
233,48,5,Angelina,Texas,TX0030016,ANGELINA WSC,Region 6,Community water system,3470,-,Medium,0,https://www.angelinawater.com/files/2019_CCR.pdf,2020,No,0,0,0,Error,4,45,8,5,1,2,36,11.11111111,Autotagged,None,Missing
234,48,39,Brazoria,Texas,TX0200645,BRAZORIA COUNTY MUD 31,Region 6,Community water system,4350,-,Medium,0,http://www.bcmud21.com/wp-content/uploads/2019/06/bcmud21_ccr_2018.pdf,2019,No,0,20.28,20.28,Acceptable,2,45,431,8,14,4,19,3.146067416,Autotagged,None,Missing
235,48,61,Cameron,Texas,TX0310002,HARLINGEN WATER WORKS SYSTEM,Region 6,Community water system,85900,-,Large,1,https://www.hwws.com/wp-content/uploads/2020/06/CCR_2019.pdf,2020,No,0,18.15,18.15,Acceptable,5,45,218,12,10,3,19,4.385964912,Original,None,Missing
236,48,121,Denton,Texas,TX0610080,CITY OF HIGHLAND VILLAGE,Region 6,Community water system,15650,-,Large,0,https://www.highlandvillage.org/ArchiveCenter/ViewFile/Item/2274,2020,No,0,9.32,9.32,Acceptable,2,45,12,18,5,3,31,29.41176471,Original,None,Missing
237,48,139,Ellis,Texas,TX0700031,CITY OF RED OAK,Region 6,Community water system,10934,-,Large,0,N/A,N/A,N/A,N/A,N/A,N/A,N/A,N/A,N/A,N/A,N/A,N/A,N/A,N/A,N/A,N/A,None,Missing
238,48,141,El Paso,Texas,TX0710018,EL PASO COUNTY WCID 4 FABENS,Region 6,Community water system,8100,-,Medium,1,http://epcwcid4.org/wp-content/uploads/2019/06/CCR_Report.pdf,2018,No,0,0,0,Error,4,45,8,5,1,2,36,11.11111111,Autotagged,None,Missing
239,48,157,Fort Bend,Texas,TX0790324,CINCO MUD 8,Region 6,Community water system,4632,-,Medium,0,http://www.cincomud8.com/wp-content/uploads/2019/06/cincomud8_annual_drinking_water_quality_report_2018.pdf,2019,No,0,34.94,34.94,Acceptable,2,45,369,8,9,4,24,2.380952381,Autotagged,None,Missing
240,48,157,Fort Bend,Texas,TX0790085,TDCJ JESTER 1 UNIT,Region 6,Community water system,3365,-,Medium,0,N/A,N/A,N/A,N/A,N/A,N/A,N/A,N/A,N/A,N/A,N/A,N/A,N/A,N/A,N/A,N/A,None,Missing
241,48,167,Galveston,Texas,TX0840002,CITY OF FRIENDSWOOD,Region 6,Community water system,37921,-,Large,0,https://www.ci.friendswood.tx.us/CCR,2020,No,0,-43.85,0,Acceptable,2,45,7,17,8,3,26,53.33333333,Original,None,Missing
242,48,201,Harris,Texas,TX1010159,HARRIS COUNTY WCID 1,Region 6,Community water system,7311,-,Medium,1,https://www.hcwcid1.com/wp-content/uploads/2020/06/2019-HCWCID-1-Water-Quality-Report.pdf,2020,No,0,28.85,28.85,Acceptable,5,45,260,211,12,3,19,4.411764706,Original,http://hcwcid1.com,Yes
243,48,201,Harris,Texas,TX1010062,CITY OF SEABROOK,Region 6,Community water system,12792,-,Large,1,https://www.seabrooktx.gov/DocumentCenter/View/9323/Water-Quality-Report-2019-PDF?bidId=,2020,No,0,-83.8,0,Acceptable,3,45,13,1245,8,4,25,38.0952381,Original,None,Missing
244,48,201,Harris,Texas,TX1011256,NORTHWEST FREEWAY MUD,Region 6,Community water system,3558,-,Medium,1,http://www.wq-report.com/nwf.pdf,2020,No,0,-60.83,0,Acceptable,5,45,171,11,10,3,24,5.524861878,Original,None,Missing
245,48,201,Harris,Texas,TX1010539,HARRIS COUNTY MUD 1,Region 6,Community water system,9822,-,Medium,1,https://www.hcmud1.com/wp-content/uploads/2019/09/hcmud1_ccr_2018.pdf,2018,No,0,36.62,36.62,Acceptable,3,45,7,4,1,3,36,12.5,Autotagged,None,Missing
246,48,201,Harris,Texas,TX1013178,HARRIS COUNTY MUD 281,Region 6,Community water system,3609,-,Medium,1,https://www.wdmtexas.com/wp-content/uploads/HCMUD281_2019_FINAL.pdf,2020,No,0,11.96,11.96,Acceptable,3,45,11,6,3,9,31,21.42857143,Original,None,Missing
247,48,201,Harris,Texas,TX1010554,GREENWOOD UTILITY DISTRICT,Region 6,Community water system,4335,-,Medium,1,http://www.greenwoodud.com/wp-content/uploads/2019/05/greenwoodud_ccr_2018.pdf,2018,No,0,31.18,31.18,Acceptable,4,45,677,12,9,3,24,1.311953353,Autotagged,None,Missing
248,48,201,Harris,Texas,TX1011585,CITY OF HOUSTON DISTRICT 73,Region 6,Community water system,5073,-,Medium,1,N/A,N/A,N/A,N/A,N/A,N/A,N/A,N/A,N/A,N/A,N/A,N/A,N/A,N/A,N/A,N/A,None,Missing
249,48,201,Harris,Texas,TX1011809,HARRIS COUNTY MUD 189,Region 6,Community water system,6480,-,Medium,1,N/A,N/A,N/A,N/A,N/A,N/A,N/A,N/A,N/A,N/A,N/A,N/A,N/A,N/A,N/A,N/A,None,Missing
250,48,201,Harris,Texas,TX1010572,HARRIS COUNTY MUD 24,Region 6,Community water system,10263,-,Large,1,N/A,N/A,N/A,N/A,N/A,N/A,N/A,N/A,N/A,N/A,N/A,N/A,N/A,N/A,N/A,N/A,None,Missing
251,48,203,Harrison,Texas,TX1020002,CITY OF MARSHALL,Region 6,Community water system,23091,-,Large,0,http://www.marshalltexas.net/uploads/pdf/Water%20Report%20-%202019.pdf,2020,No,0,-90.57,0,Acceptable,4,45,44,17,3,3,32,6.382978723,Original,None,Missing
252,48,209,Hays,Texas,TX1050002,CITY OF KYLE,Region 6,Community water system,29118,-,Large,0,https://www.cityofkyle.com/publicworks/2019-water-quality-report,2020,No,0,0,0,Error,7,45,175,10,11,2,25,5.913978495,Autotagged,None,Missing
253,48,215,Hidalgo,Texas,TX1080234,MILITARY HWY WSC PROGRESO,Region 6,Community water system,11247,-,Large,1,https://www.militaryhighwaywsc.org/files.php?id=IdgsKG3KAYXwYwwrDFFQmsoDvmb7UCTJy3GfE5IHn_kYgvpDzAmOX3jSysyYvKXJ8O9ddKJBbcu_SPjQKmsIjjG-RA5UcMFrvIS6hbEPxLYXCtM90m9c7d5GY77qpujyS42WXixUabekopv0R2JBygGhKNv7Ma0K1pLoBUSFhSqyhytWfGkTAm7eJ4vpD08.,2020,No,0,0,0,Error,6,45,10,7,1,2,36,9.090909091,Autotagged,None,Missing
254,48,215,Hidalgo,Texas,TX1080006,MCALLEN PUBLIC UTILITY,Region 6,Community water system,173388,-,Very Large,1,http://mcallenpublicutility.com/wp-content/uploads/2020/04/2019-Water-Quality-Report-Booklet.pdf,2020,No,0,24.58,24.58,Acceptable,10,45,595,18,14,3,18,2.298850575,Autotagged,http://www.mcallen.net/mpu/reports.aspx,No
255,48,215,Hidalgo,Texas,TX1080010,CITY OF SAN JUAN,Region 6,Community water system,30027,-,Large,1,https://www.cityofsanjuantexas.com/cosj2/wp-content/uploads/2020/06/CCR_REPORT_2019-3.pdf,2020,No,0,25.97,25.97,Acceptable,2,45,213,14,6,3,30,2.739726027,Autotagged,None,Missing
256,48,215,Hidalgo,Texas,TX1080005,CITY OF ELSA,Region 6,Community water system,5500,-,Medium,1,N/A,N/A,N/A,N/A,N/A,N/A,N/A,N/A,N/A,N/A,N/A,N/A,N/A,N/A,N/A,N/A,None,Missing
257,48,325,Medina,Texas,TX1630010,EAST MEDINA COUNTY SUD UNIT 1,Region 6,Community water system,5133,-,Medium,0,https://www.emcsud.dst.tx.us/documents/837/2019_CCR_Report_for_1630010__20___30-converted.pdf,2020,No,0,-302.06,0,Acceptable,18,45,399,20,11,19,22,2.682926829,Original,None,Missing
258,48,343,Morris,Texas,TX1720001,CITY OF DAINGERFIELD,Region 6,Community water system,4047,-,Medium,0,N/A,N/A,N/A,N/A,N/A,N/A,N/A,N/A,N/A,N/A,N/A,N/A,N/A,N/A,N/A,N/A,None,Missing
259,48,367,Parker,Texas,TX1840079,PARKER COUNTY SUD SURFACE,Region 6,Community water system,4113,-,Medium,0,https://parkercountywater.com/documents/87/2019_Ground_CCR.pdf,2020,No,0,-5.95,0,Acceptable,3,45,191,11,13,3,19,6.37254902,Original,None,Missing
260,48,387,Red River,Texas,TX1940002,CITY OF CLARKSVILLE,Region 6,Community water system,4548,-,Medium,0,http://clarksvilletx.com/wp-content/uploads/2018/06/2017-Consumer-Confidence-Report.pdf,2017,No,0,-39.82,0,Acceptable,4,45,26,11,12,9,21,31.57894737,Original,None,Missing
261,48,439,Tarrant,Texas,TX2200060,CITY OF LAKE WORTH,Region 6,Community water system,4780,-,Medium,1,https://lakeworthbeachfl.gov/download/2019-annual-drinking-water-quality-report/,2020,Yes,100,-1.75,0,Acceptable,5,45,11,6,1,3,36,8.333333333,Original,None,Missing
262,48,453,Travis,Texas,TX2270001,CITY OF AUSTIN WATER & WASTEWATER,Region 6,Community water system,981783,-,Very Large,1,https://www.austintexas.gov/sites/default/files/files/Water/WaterQualityReports/AW_WaterQuality_Report_Austin_2019_FINAL.pdf,2020,Yes,100,16.29,16.29,Acceptable,2,45,14,483,7,3,26,33.33333333,Original,http://www.austintexas.gov/department/drinking-water-quality-report,Yes
263,48,453,Travis,Texas,TX2270012,LAKEWAY MUD,Region 6,Community water system,10512,-,Large,1,https://179349-522195-raikfcquaxqncofqfm.stackpathdns.com/wp-content/uploads/LMUD-CCR2019.pdf,2020,Yes,100,9.52,9.52,Acceptable,2,45,8,2,1,3,36,11.11111111,Original,None,Missing
264,49,11,Davis,Utah,UTAH06020,WEST POINT CITY WATER SYSTEM,Region 8,Community water system,8288,-,Medium,0,N/A,N/A,N/A,N/A,N/A,N/A,N/A,N/A,N/A,N/A,N/A,N/A,N/A,N/A,N/A,N/A,None,Missing
265,49,35,Salt Lake,Utah,UTAH18010,HOLLIDAY WATER COMPANY,Region 8,Community water system,15000,-,Large,0,https://hollidaywatercompany.com/documents/817/WQR-HollidayUT-Web.pdf,2020,No,0,22.01,22.01,Acceptable,4,45,45,0,0,0,0,0,Corrupted,None,Missing
266,49,51,Wasatch,Utah,UTAH26086,JORDANELLE SSD,Region 8,Community water system,6500,-,Medium,0,http://cdn.sqhk.co/jordanelle/gcnxchb/JordanelleSSD2019CCR.pdf,2020,No,0,12.37,12.37,Acceptable,5,45,401,10,4,14,24,0.987654321,Original,None,Missing
267,51,31,Campbell,Virginia,VA5031150,CAMPBELL COUNTY CENTRAL SYSTEM,Region 3,Community water system,21761,-,Large,0,https://www.ccusa-water.com/images/stories/documents/CCUSA2019WaterQualityReport.pdf,2020,No,0,0,0,Error,7,45,11,8,1,2,36,8.333333333,Autotagged,None,Missing
268,51,51,Dickenson,Virginia,VA1051737,DCPSA - BIG CANEY,Region 3,Community water system,3749,-,Medium,0,N/A,N/A,N/A,N/A,N/A,N/A,N/A,N/A,N/A,N/A,N/A,N/A,N/A,N/A,N/A,N/A,None,Missing
269,51,95,James City,Virginia,VA3095490,JCSA - CENTRAL SYSTEM,Region 3,Community water system,51137,-,Large,0,https://jamescitycountyva.gov/DocumentCenter/View/16430/Central-Water-Quality-Report-2017-PDF?bidId=,2017,No,0,21.7,21.7,Acceptable,5,45,867,32,8,6,25,0.914285714,Original,None,Missing
270,51,137,Orange,Virginia,VA6137500,"ORANGE, TOWN OF",Region 3,Community water system,4500,-,Medium,0,https://www.townoforangeva.org/civicalerts.aspx?aid=337,2020,No,0,15.82,15.82,Acceptable,7,45,396,15,10,3,24,2.463054187,Autotagged,None,Missing
271,51,137,Orange,Virginia,VA6137999,WILDERNESS WTP,Region 3,Community water system,12124,-,Large,0,N/A,N/A,N/A,N/A,N/A,N/A,N/A,N/A,N/A,N/A,N/A,N/A,N/A,N/A,N/A,N/A,None,Missing
272,51,143,Pittsylvania,Virginia,VA5143396,MOUNT HERMON - (PCSA),Region 3,Community water system,4565,-,Medium,0,https://pcsa.co/sites/pcsa.co/files/water-quality-reports/Mount%20Hermon-5143396-2016%20CCR.pdf,2017,No,0,-53.15,0,Acceptable,4,45,200,8,14,4,19,6.542056075,Autotagged,None,Missing
273,51,165,Rockingham,Virginia,VA2165525,MASSANUTTEN VILLAGE,Region 3,Community water system,5235,-,Medium,0,https://www.uiwater.com/docs/default-source/virginia-m/2018/massanutten-18ccr-257.pdf?sfvrsn=4,2019,No,0,-102.31,0,Acceptable,4,45,26,9,12,13,21,31.57894737,Original,None,Missing
274,51,171,Shenandoah,Virginia,VA2171850,"WOODSTOCK, TOWN OF",Region 3,Community water system,5070,-,Medium,0,https://www.townofwoodstockva.gov/DocumentCenter/View/1777/CCR-Brochure-2019-Final?bidId=,2020,No,0,-50.24,0,Acceptable,2,45,17,9,7,25,27,29.16666667,Original,None,Missing
275,53,33,King,Washington,WA5339800,KING COUNTY WATER DISTRICT #49,Region 10,Community water system,16065,-,Large,0,http://www.wd49.com/pdf/ccrCurrent.pdf,2020,No,0,-3.08,0,Acceptable,4,45,133,7,13,9,19,8.904109589,Original,None,Missing
276,53,33,King,Washington,WA5375560,SALLAL WATER ASSOCIATION INC,Region 10,Community water system,6056,-,Medium,0,https://sallal.com/wp-content/uploads/2020/06/Sallal-CCR-Water-Quality-Report-2019.pdf,2020,No,0,-21.28,0,Acceptable,5,45,22,7,12,3,22,35.29411765,Original,None,Missing
277,53,33,King,Washington,WA5340900,SAMMAMISH PLATEAU WATER & SEWER,Region 10,Community water system,65543,-,Large,0,https://spwater.org/ArchiveCenter/ViewFile/Item/117,2020,No,0,31.08,31.08,Acceptable,12,45,126,17,14,6,18,10,Autotagged,None,Missing
278,53,53,Pierce,Washington,WA5356820,MOUNTAIN VIEW-EDGEWOOD WATER CO,Region 10,Community water system,10400,-,Large,0,https://img1.wsimg.com/blobby/go/5e84723b-4989-4b14-83e0-35cf8aec8d95/downloads/2019%20Water%20Quality%20Report.pdf?ver=1529031493N9o4 4766,2020,No,0,-439.11,0,Acceptable,2,45,85,4,4,3,31,4.494382022,Autotagged,None,Missing
279,53,53,Pierce,Washington,WA5385050,SUMMIT WATER & SUPPLY CO,Region 10,Community water system,16000,-,Large,0,http://summitwater.org/documents/ccr%20report%202017.pdf,2018,No,0,-120.24,0,Acceptable,2,45,393,7,14,3,19,3.43980344,Autotagged,None,Missing
280,53,63,Spokane,Washington,WA5391450,VERA WATER & POWER,Region 10,Community water system,24692,-,Large,0,https://verawaterandpower.com/wp-content/uploads/Vera-2019-Water-Quality-Report.pdf,2020,No,0,42.45,42.45,Acceptable,1,45,110,6,10,3,24,8.333333333,Autotagged,None,Missing
281,53,63,Spokane,Washington,WA5393353,SPO CO WATER DIST 3 SYS 3,Region 10,Community water system,3658,-,Medium,0,https://scwd3.org/wp-content/uploads/2020/06/System-3-North-Spokane-Valley-PWS-93353P-2019.pdf,2020,No,0,-20.73,0,Acceptable,3,45,35,2,8,5,25,18.60465116,Original,None,Missing
282,53,71,Walla Walla,Washington,WA5300710,Snake River Housing Water System,Region 10,Community water system,3936,-,Medium,0,http://www.snakeriverwater.com/wp-content/uploads/2019/05/SNAKE-RIVER-WD-CO0159105-2019-CCR-Port.pdf,2019,No,0,-37.92,0,Acceptable,5,45,198,10,14,3,20,6.603773585,Original,None,Missing
283,53,77,Yakima,Washington,WA5329000,GRANGER WATER DEPARTMENT,Region 10,Community water system,3905,-,Medium,0,N/A,N/A,N/A,N/A,N/A,N/A,N/A,N/A,N/A,N/A,N/A,N/A,N/A,N/A,N/A,N/A,None,Missing
284,54,0,Fayette,West Virginia,WV3301042,GAULEY RIVER PSD,Region 3,Community water system,"4,168",BELVA,Medium,0,N/A,N/A,N/A,N/A,N/A,N/A,N/A,N/A,N/A,N/A,N/A,N/A,N/A,N/A,N/A,N/A,None,Missing
285,54,49,Marion,West Virginia,WV3302502,FAIRMONT CITY OF,Region 3,Community water system,29864,FAIRMONT,Large,0,https://www.fairmontwv.gov/DocumentCenter/View/2500/CCR-2019-Approved,2020,No,0,-4.43,0,Acceptable,4,45,263,7,14,5,20,5.054151625,Autotagged,None,Missing
286,54,55,Mercer,West Virginia,WV3302804,BLUEWELL PSD,Region 3,Community water system,6216,BLUEWELL,Medium,0,N/A,N/A,N/A,N/A,N/A,N/A,N/A,N/A,N/A,N/A,N/A,N/A,N/A,N/A,N/A,N/A,None,Missing
287,54,69,Ohio,West Virginia,WV3303516,WHEELING WATER,Region 3,Community water system,29899,WHEELING,Large,0,https://www.wheelingwv.gov/media/Public%20Works/Consumer%20Confidence%20Report%202012.pdf,2013,No,0,-945.23,0,Acceptable,2,45,430,5,9,3,24,2.050113895,Autotagged,None,Missing
288,54,107,Wood,West Virginia,WV3305411,VIENNA,Region 3,Community water system,12507,VIENNA,Large,0,http://vienna-wv.com/documentsandforms/ccr/CCR_2019.pdf,2020,No,0,-793.79,0,Acceptable,2,45,161,6,10,2,25,5.847953216,Autotagged,None,Missing
289,55,17,Chippewa,Wisconsin,WI6090462,STANLEY WATERWORKS,Region 5,Community water system,3500,STANLEY,Medium,0,https://stanleywisconsin.us/wp-content/uploads/2020/06/ANNUAL-DRINKING-WATER-QUALITY-REPORT-2019.pdf,2020,No,0,-311.16,0,Acceptable,5,45,27,8,8,6,25,22.85714286,Original,None,Missing
290,55,39,Fond du Lac,Wisconsin,WI4200476,RIPON WATER UTILITY,Region 5,Community water system,7800,RIPON,Medium,0,https://www.cityofripon.com/vertical/sites/%7BC9DFD7DB-82C0-4C05-87F7-C5A541F2A609%7D/uploads/2019_CCR_DR.pdf,2020,No,0,5.23,5.23,Acceptable,8,45,261,19,10,4,26,3.6900369,Original,None,Missing
291,55,63,La Crosse,Wisconsin,WI6320306,HOLMEN WATERWORKS,Region 5,Community water system,10147,HOLMEN,Large,0,https://www.holmenwi.com/vertical/sites/%7BDAE55C32-2E5F-4FF9-8788-A1933CE34B1B%7D/uploads/CCR_2019_2.pd,2020,No,0,-1.38,0,Acceptable,5,45,357,18,9,4,27,2.459016393,Original,None,Missing
292,55,63,La Crosse,Wisconsin,WI6320306,HOLMEN WATERWORKS,Region 5,Community water system,10147,HOLMEN,Large,0,https://www.holmenwi.com/vertical/sites/%7BDAE55C32-2E5F-4FF9-8788-A1933CE34B1B%7D/uploads/CCR_2019_2.pd,2020,No,0,-1.38,0,Acceptable,5,45,357,18,9,4,27,2.459016393,Original,None,Missing
293,55,79,Milwaukee,Wisconsin,WI2410556,BROWN DEER WATERWORKS,Region 5,Community water system,12741,BROWN DEER,Large,0,https://www.browndeerwi.org/wp-content/uploads/2020/05/2019_BD_CCR_final.pdf,2020,No,0,-1.48,0,Acceptable,12,45,1348,24,14,4,18,1.027900147,Autotagged,None,Missing
294,55,83,Oconto,Wisconsin,WI4430495,OCONTO WATERWORKS,Region 5,Community water system,4740,OCONTO,Medium,0,https://cityofoconto.com/wp-content/uploads/2020/06/2019-CCR-1.pdf,2019,No,0,1.78,1.78,Acceptable,6,45,223,15,10,3,26,4.291845494,Original,None,Missing
295,55,87,Outagamie,Wisconsin,WI4450409,COMBINED LOCKS WATERWORKS,Region 5,Community water system,3477,COMBINED LOCKS,Medium,0,http://www.combinedlocks.org/media/147033/ccr-2018-distributed-in-2019.pdf,2019,No,0,-44.49,0,Acceptable,14,45,35,18,14,29,20,28.57142857,Original,None,Missing
296,56,21,Laramie,Wyoming,WY5600011,CHEYENNE BOARD OF PUBLIC UTILITIES,Region 8,Community water system,58182,CHEYENNE,Large,0,https://www.cheyennebopu.org/Your-Water/Water-Quality/CCR,2020,No,0,16.33,16.33,Acceptable,10,45,581,16,15,4,18,2.516778523,Autotagged,None,Missing
297,56,29,Park,Wyoming,WY5600042,"POWELL, CITY OF",Region 8,Community water system,6700,POWELL,Medium,0,https://cityofpowell.com/download/2018-annual-drinking-water-quality-report/#,2020,No,0,-2.43,0,Acceptable,6,45,207,10,15,4,20,6.756756757,Original,None,Missing
298,72,13,Arecibo Municipio,Puerto Rico,PR0002782,GARROCHALES,Region 2,Community water system,5754,"ARECIBO, GARROCHALES",Medium,0,N/A,N/A,N/A,N/A,N/A,N/A,N/A,N/A,N/A,N/A,N/A,N/A,N/A,N/A,N/A,N/A,None,Missing
299,72,19,Barranquitas Municipio,Puerto Rico,PR0004945,LAS BOCAS,Region 2,Community water system,5357,BARRANQUITAS,Medium,0,N/A,N/A,N/A,N/A,N/A,N/A,N/A,N/A,N/A,N/A,N/A,N/A,N/A,N/A,N/A,N/A,None,Missing
300,72,27,Camuy Municipio,Puerto Rico,PR0003862,CIENEGA,Region 2,Community water system,4020,CAMUY,Medium,0,N/A,N/A,N/A,N/A,N/A,N/A,N/A,N/A,N/A,N/A,N/A,N/A,N/A,N/A,N/A,N/A,None,Missing
