ID,State Code,County Code,Name,State Name,PWS ID,PWS Name,EPA Region,PWS Type,Population Served Count,Cities Served,Size,Oversample,URL of CCR,Most recent year?,Translation available?,RSCORE,TSCORE,Pages,Total Tests,Failed,Warning,Passed,User Verify,Not Applicable,ASCORE,Access Tags,Readability Tags
1,1,9,Blount,Alabama,AL0000103,ONEONTA UTILITIES BOARD,Region 4,Community water system,19737,ONEONTA,Large,0,https://oneontautilities.com/2019_oneonta_ccr.html,2020,No,24.99,0,8,45,581,14,8,2,24,1.358234295,Autotagged,Acceptable
2,1,47,Dallas,Alabama,AL0000482,NORTH DALLAS WATER AUTHORITY,Region 4,Community water system,8838,SELMA,Medium,0,https://northdallaswater.net/documents/1185/North_Dallas_Co_2020_CCR.pdf,2020,No,-59.38,0,4,45,1005,9,14,4,19,1.373895976,Autotagged,Acceptable
3,1,123,Tallapoosa,Alabama,AL0001265,ALEXANDER CITY WATER DEPARTMENT,Region 4,Community water system,29565,ALEXANDER CITY,Large,0,https://alexandercityal.gov/sites/default/files/fileattachments/utilities/page/8241/alexander_city_2019_annual_water_quality_report.pdf,2019,No,-20.8,0,6,45,209,13,7,4,29,3.240740741,Original,Acceptable
4,2,170,Matanuska-Susitna Borough,Alaska,AK2224646,WASILLA WATER SYSTEM,Region 10,Community water system,18412,WASILLA,Large,0,https://www.cityofwasilla.com/home/showdocument?id=23060,2020,No,19.98,0,9,45,219,19,15,4,19,6.41025641,Original,Acceptable
5,2,90,Fairbanks North Star Borough,Alaska,AK2310900,COLLEGE UTILITIES CORPORATION,Region 10,Community water system,"27,000",FAIRBANKS,Large,0,http://www.akwater.com/cuc-ccr.pdf,2020,No,6.99,0,9,45,18,595,9,4,23,33.33333333,Original,Acceptable
6,4,13,Maricopa,Arizona,AZ0407056,EPCOR WATER - PARADISE VALLEY/SCOTTSDALE,Region 9,Community water system,12000,PARADISE VALLEY,Large,1,https://www.epcor.com/products-services/water/water-quality/water-quality-reports-usa/wqreports/wq-paradise-valley-2019.pdf,2020,Yes,17.64,100,11,45,149,15,14,5,18,8.588957055,Autotagged,Acceptable
7,4,13,Maricopa,Arizona,AZ0407070,SUNRISE WATER COMPANY,Region 9,Community water system,4765,PEORIA,Medium,1,https://jdcwater.com/documents/563/Sunrise_Water_Quality_Report_2019.pdf,2020,No,-48.41,0,2,45,144,17,13,27,21,8.280254777,Original,Acceptable
8,4,3,Cochise,Arizona,AZ0402004,ARIZONA WATER CO - SIERRA VISTA,Region 9,Community water system,10002,SIERRA VISTA,Large,0,https://www.azwater.com/files/water-quality/ccr-sierra-vista-2019.pdf,2020,No,20.69,0,2,45,341,9,14,4,19,3.943661972,Autotagged,Acceptable
9,5,23,Cleburne,Arkansas,AR0000579,TUMBLING SHOALS WATER ASSOC,Region 6,Community water system,4890,-,Medium,0,https://tsws.myruralwater.com/documents/1048/CCF06022020.pdf,2020,No,0,0,3,45,7,4,1,2,36,12.5,Autotagged,Error
10,5,131,Sebastian,Arkansas,AR0000512,BARLING WATERWORKS,Region 6,Community water system,4583,-,Medium,0,https://www.ark.org/health/eng/ccr/512.pdf,2020,No,-72.94,0,3,45,372,5,10,3,25,2.617801047,Autotagged,Acceptable
11,5,31,Craighead,Arkansas,AR0000688,LAWRENCE CO REG WATER DIST,Region 6,Community water system,7469,-,Medium,0,https://lawrencecountyregionalwater.myruralwater.com/documents/481/2019_Annual_Drinking_Water_Quality_Report.pdf,2020,No,-45.74,0,3,45,7,5,14,3,21,66.66666667,Original,Acceptable
12,5,7,Benton,Arkansas,AR0000349,MADISON CO WATER FACILITIES BD,Region 6,Community water system,9688,-,Medium,0,https://www.mcwfb.com/documents/925/CCR19_Madison_Co_WFB_349.pdf,2020,No,-56.19,0,2,45,39,4,8,4,27,17.0212766,Original,Acceptable
13,5,149,Yell,Arkansas,AR0000697,NE YELL COUNTY WATER ASSOC,Region 6,Community water system,6125,-,Medium,0,https://neycw.myruralwater.com/documents/470/697.pdf,2020,No,-76.49,0,3,45,1022,6,10,3,25,0.968992248,Autotagged,Acceptable
14,5,145,White,Arkansas,AR0000185,SW WHITE COUNTY WATER ASSN,Region 6,Community water system,10917,-,Large,0,https://www.ark.org/health/eng/ccr/185.pdf,2020,No,-78.32,0,4,45,801,8,10,3,25,1.233045623,Autotagged,Acceptable
15,5,0,Greene,Arkansas,AR0000722,CLAY CO REG WATER DISTRICT,Region 6,Community water system,5515,-,Medium,0,https://www.ark.org/health/eng/ccr/722.pdf,2020,No,-40.63,0,2,45,232,3,10,3,25,4.132231405,Autotagged,Acceptable
16,5,0,Faulkner,Arkansas,AR0000101,COMMUNITY WATER SYSTEM,Region 6,Community water system,17038,-,Large,0,https://www.ark.org/health/eng/ccr/101.pdf,2020,No,-61.88,0,3,45,443,6,10,3,25,2.207505519,Autotagged,Acceptable
17,5,23,Cleburne,Arkansas,AR0000735,WEST STONE COUNTY WATER ASSN,Region 6,Community water system,4634,-,Medium,0,https://www.ark.org/health/eng/ccr/735.pdf,2020,No,-42.18,0,3,45,473,5,10,3,25,2.070393375,Autotagged,Acceptable
18,5,45,Faulkner,Arkansas,AR0000844,BEAVERFORK VOLUNTEER FD WSD,Region 6,Community water system,3458,-,Medium,0,https://www.ark.org/health/eng/ccr/844.pdf,2020,No,-37.41,0,3,45,395,5,10,3,25,2.469135802,Autotagged,Acceptable
19,6,111,Ventura,California,CA5610008,PLEASANT VALLEY MUTUAL WATER CO,Region 9,Community water system,5000,-,Medium,1,https://www.pvmwc.com/reports,2019,No,-47.99,0,6,45,10,7,1,3,36,9.090909091,Autotagged,Acceptable
20,6,73,San Diego,California,CA3710015,"POWAY, CITY OF",Region 9,Community water system,49990,POWAY,Large,1,https://poway.org/DocumentCenter/View/6430/2018-Poway-Annual-Water-Quality-Report,2019,No,16.53,0,4,45,45,0,0,0,0,0,Corrupted,Acceptable
21,6,37,Los Angeles,California,CA1910030,GSWC - CULVER CITY,Region 9,Community water system,36192,SANTA FE SPRINGS,Large,1,https://www.gswater.com/sites/main/files/file-attachments/water-quality-2019-culver-city.pdf?1591302565,2020,Yes,-9.67,100,8,45,37,641,8,3,26,17.77777778,Original,Acceptable
22,6,37,Los Angeles,California,CA1910194,ROWLAND WATER DISTRICT,Region 9,Community water system,55038,-,Large,1,https://www.rowlandwater.com/wp-content/uploads/2020/06/RWD_CCR_20_FINAL_WEB.pdf,2020,No,-32.81,0,16,45,293,21,10,13,22,3.300330033,Autotagged,Acceptable
23,6,37,Los Angeles,California,CA1910017,SANTA CLARITA VALLEY W.A.-SANTA CLARITA,Region 9,Community water system,127992,-,Very Large,1,https://yourscvwater.com/wp-content/uploads/2020/05/2020-SCV-Water-Quality-Report.pdf,2020,No,-1288.96,0,14,45,41,15,2,3,35,4.651162791,Autotagged,Acceptable
24,6,29,Kern,California,CA1510020,"TEHACHAPI, CITY OF",Region 9,Community water system,8839,TEHACHAPI,Medium,1,https://www.liveuptehachapi.com/DocumentCenter/View/5558/2019-Water-Quality-Report?bidId=,2020,No,23.36,0,5,45,215,164,12,3,19,5.286343612,Original,Acceptable
25,6,19,Fresno,California,CA1010021,"MENDOTA, CITY OF",Region 9,Community water system,11104,MENDOTA,Large,1,http://ci.mendota.ca.us/wp-content/uploads/2014/06/2018-Mendota-Water-Consumer-Confidence-Report.pdf,2019,Yes,-46.95,100,10,45,150,31,13,4,21,7.975460123,Original,Acceptable
26,6,1,Alameda,California,CA0110006,CITY OF HAYWARD,Region 9,Community water system,151600,HAYWARD,Very Large,1,https://www.hayward-ca.gov/sites/default/files/2019%20CCR%20%28Water%20Quality%20Report%29%20-%20Final%20Cover.pdf,2020,No,-8.66,0,8,45,631,17,14,3,19,2.170542636,Autotagged,Acceptable
27,6,61,Placer,California,CA3110003,FORESTHILL PUBLIC UTILITY DIST,Region 9,Community water system,6000,-,Medium,0,https://www.foresthillpud.com/pdf_files/Annual-Water-Quality-Reports/CCR-2019-FPUD.PDF,2020,Yes,-189.53,100,4,45,10,690,14,8,21,58.33333333,Autotagged,Acceptable
28,6,67,Sacramento,California,CA3410013,CALAM - LINCOLN OAKS,Region 9,Community water system,94183,-,Large,0,https://www.amwater.com/ccr/lincolnoaks.pdf,2020,Yes,-0.06,100,17,45,656,26,13,15,17,1.943198804,Autotagged,Acceptable
29,6,67,Sacramento,California,CA3410031,CALAM - ANTELOPE,Region 9,Community water system,68587,-,Large,0,https://www.amwater.com/ccr/antelope.pdf,2020,Yes,8.61,100,17,45,596,26,13,9,17,2.134646962,Autotagged,Acceptable
30,6,67,Sacramento,California,CA3410008,ELK GROVE WATER SERVICE,Region 9,Community water system,40461,-,Large,0,https://www.egwd.org/wp-content/uploads/FINAL-Elk-Grove-Water-District-6.5.19.pdf,2019,No,29.11,0,2,45,94,4,11,3,25,10.47619048,Autotagged,Acceptable
31,6,79,San Luis Obispo,California,CA4010002,ATASCADERO MUTUAL WATER CO,Region 9,Community water system,31787,-,Large,0,https://web.amwc.us/resources/CCR.pdf,2020,No,11.25,0,6,45,351,289,12,3,19,3.305785124,Original,Acceptable
32,6,83,Santa Barbara,California,CA4210020,SANTA YNEZ RIVER WATER CONS. DIST. ID#1,Region 9,Community water system,6737,-,Medium,0,https://s3.amazonaws.com/siteninja/multitenant/assets/30524/files/original/ID1_2019_Annual_WQ_Report_Final.pdf,2020,No,-114.01,0,8,45,737,17,14,7,18,1.864181092,Autotagged,Acceptable
33,6,63,Plumas,California,CA3210006,LAKE ALMANOR COUNTRY CLUB MWC,Region 9,Community water system,6000,-,Medium,0,http://www.laccmutualwater.org/uploads/9/6/4/8/9648300/2019_water_quality_report.pdf,2020,Yes,0,100,3,45,7,4,1,2,36,12.5,Autotagged,Error
34,6,17,El Dorado,California,CA0910013,GEORGETOWN DIVIDE PUD,Region 9,Community water system,9053,-,Medium,0,https://www.gd-pud.org/files/5c86aa1e3/2019+CCR+-+GDPUD_Final.pdf,2019,Yes,-501.27,100,6,45,242,3,14,3,19,5.46875,Original,Acceptable
35,6,61,Placer,California,CA3110026,NEVADA ID - NORTH AUBURN,Region 9,Community water system,6640,-,Medium,0,https://nidwater.com/wp-content/uploads/2020/06/NID-WQR-2019.pdf,2020,No,21.54,0,5,45,454,359,7,3,24,1.518438178,Original,Acceptable
36,6,107,Tulare,California,CA5410016,CWS - VISALIA,Region 9,Community water system,139924,-,Very Large,0,https://www.calwater.com/docs/ccr/2019/vis-vis-2019.pdf,2020,No,8.61,0,17,45,417,1311,12,4,16,2.797202797,Original,Acceptable
37,6,47,Merced,California,CA2410005,CITY OF LOS BANOS,Region 9,Community water system,40998,LOS BANOS,Large,0,http://www.losbanos.org/wp-content/uploads/2020/06/2410005-CityofLosBanos-2019-CCR.pdf,2020,Yes,-7.37,100,10,45,112,24,13,4,20,10.4,Original,Acceptable
38,8,59,Jefferson,Colorado,CO0130105,NORTH TABLE MOUNTAIN WSD,Region 8,Community water system,10000,-,Medium,0,https://www.ntmwater.org/wp-ntm-content/uploads/2020/05/CCR_2020.pdf,2020,No,-354.8,0,2,45,24,4,12,16,21,33.33333333,Original,Acceptable
39,8,41,El Paso,Colorado,CO0121455,MERIDIAN SERVICE MD,Region 8,Community water system,7807,-,Large,0,https://www.meridianranchmetro.org/documents/waterQualityReports/2020ConsumerConfidenceReport.pdf,2020,Yes,-35.69,100,6,45,402,12,14,4,19,3.365384615,Autotagged,Acceptable
40,8,69,Larimer,Colorado,CO0135291,FT COLLINS CITY OF,Region 8,Community water system,124262,-,Very Large,0,https://www.fcgov.com/utilities/img/site_specific/uploads/20-22248-2019-water-quality-report-final.pdf?1592426353,2020,Yes,6.14,100,5,45,189,577,10,4,19,5.025125628,Original,Acceptable
41,9,3,Hartford,Connecticut,CT0473011,CTWC - NORTHERN REG-WESTERN SYSTEM,Region 1,Community water system,98390,"EAST GRANBY, EAST WINDSOR, ELLINGTON, ENFIELD, MANCHESTER, MANSFIELD, SOUTH WINDSOR, SUFFIELD, TOLLAND, VERNON, WINDSOR LOCKS",Large,0,https://www.ctwater.com/media/2371/northern-western2019.pdf,2020,No,1.27,0,14,45,122,20,15,3,19,10.94890511,Original,Acceptable
42,9,11,New London,Connecticut,CT0590011,GROTON UTILITIES,Region 1,Community water system,30200,"GROTON, LEDYARD",Large,0,https://grotonutilities.com/download/water/water_quality_reports/2019.pdf,2020,No,-38.8,0,12,45,707,16,14,61,17,1.941747573,Autotagged,Acceptable
43,10,5,Sussex,Delaware,DE0000557,SUSSEX SHORES WATER COMPANY,Region 3,Community water system,12450,BETHANY BEACH,Large,0,https://www.sussexshoreswater.com/media/CCR%202020.pdf,2020,No,-1.82,0,3,45,231,88,7,5,24,2.941176471,Original,Acceptable
44,11,1,District of Columbia,District of Columbia,DC0000002,D.C. WATER AND SEWER AUTHORITY,Region 3,Community water system,"632,323",-,Very Large,0,https://www.dcwater.com/sites/default/files/2020_dcwater_water_quality_report_0.pdf,2020,Yes,18.39,100,25,45,292,880,7,3,24,2.341137124,Original,Acceptable
45,12,86,Miami-Dade,Florida,FL4134365,HIALEAH GARDENS,Region 4,Community water system,24156,HIALEAH GARDENS,Large,1,https://www.cityofhialeahgardens.com/Home/ShowDocument?id=1544,2020,Yes,23.47,100,2,45,1601,77,3,3,31,0.187032419,Autotagged,Acceptable
46,12,11,Broward,Florida,FL4060573,"HALLANDALE BEACH, CITY OF",Region 4,Community water system,40000,HALLANDALE BEACH,Large,1,https://hallandalebeachfl.gov/DocumentCenter/View/20424/2019-Water-Quality-Report,2020,Yes,30.98,100,8,45,279,216,12,3,19,4.12371134,Original,Acceptable
47,12,119,Sumter,Florida,FL6604862,LITTLE SUMTER UTILITIES 3WPS,Region 4,Community water system,25382,THE VILLAGES,Large,0,https://www.districtgov.org/departments/utilities/LSSA-2019-Water-Quality-Report.pdf,2020,No,-13.83,0,2,45,12,826,14,18,20,53.84615385,Original,Acceptable
48,12,101,Pasco,Florida,FL6510424,DADE CITY WATER DEPT,Region 4,Community water system,14373,DADE CITY,Large,0,https://www.dadecityfl.com/2019%20Dade%20City%20CCR.docx,2020,Yes,-433.13,100,2,45,232,3,13,9,19,5.306122449,Original,Acceptable
49,12,97,Osceola,Florida,FL3494428,ENTERPRISE CDD (CONSECUTIVE),Region 4,Community water system,8166,CELEBRATION,Medium,0,http://www.enterprisecdd.org/wp-content/uploads/2010/09/2019-water-quality-report.pdf,2020,No,20.28,0,3,45,37,4,13,3,20,26,Original,Acceptable
50,12,69,Lake,Florida,FL3350346,"EUSTIS, CITY OF (4 WPS)",Region 4,Community water system,35089,EUSTIS,Large,0,http://cms5.revize.com/revize/eustisfl/Eustis_FL_CCR-2019_WEB.pdf,2020,No,27.63,0,4,45,389,9,14,5,19,3.473945409,Autotagged,Acceptable
51,12,117,Seminole,Florida,FL3594107,SEMINOLE COUNTY NORTHWEST,Region 4,Community water system,31986,SANFORD,Large,0,http://www.seminolecountyfl.gov/core/fileparse.php/3234/urlt/Water-Quality-Report-for-2019-ADA.pdf,2020,No,-34.91,0,37,45,850,45,14,117,13,1.62037037,Original,Acceptable
52,12,99,Palm Beach,Florida,FL4501559,WEST PALM BEACH WTP,Region 4,Community water system,102000,WEST PALM BEACH,Very Large,0,https://www.wpb.org/home/showdocument?id=2296,2020,Yes,19.51,100,2,45,45,0,0,0,0,0,Corrupted,Acceptable
53,12,105,Polk,Florida,FL6535055,UIF - CYPRESS LAKES,Region 4,Community water system,3418,LAKELAND,Medium,0,https://www.myutility.us/docs/default-source/florida/2019/cypress-lakes-19ccr-095.pdf?sfvrsn=4,2020,No,-250.33,0,4,45,44,7,12,15,21,21.42857143,Original,Acceptable
54,12,83,Marion,Florida,FL6421144,MARION OAKS SUBDIVISION (5 WTPS),Region 4,Community water system,19401,OCALA,Large,0,https://www.marioncountyfl.org/home/showdocument?id=18782,2019,No,-49.09,0,2,45,14,1,12,4,26,46.15384615,Original,Acceptable
55,12,83,Marion,Florida,FL6424630,OAK RUN ESTATES (6 WTPS),Region 4,Community water system,11788,OCALA,Large,0,https://www.marioncountyfl.org/home/showdocument?id=18784,2019,No,-28.79,0,2,45,13,2,12,4,26,48,Original,Acceptable
56,12,117,Seminole,Florida,FL3590205,"SANFORD, CITY OF (2 WPS)",Region 4,Community water system,65216,SANFORD,Large,0,https://www.sanfordfl.gov/home/showdocument?id=21251,2020,No,21.54,0,2,45,382,4,15,2,19,3.778337531,Autotagged,Acceptable
57,12,3,Baker,Florida,FL2020204,MACCLENNY WTP,Region 4,Community water system,6391,MACCLENNY,Medium,0,http://www.cityofmacclenny.com/images/2018_CCR_City.pdf,2019,No,-126.43,0,4,45,123,8,15,3,20,10.86956522,Autotagged,Acceptable
58,13,105,Elbert,Georgia,GA1050001,ELBERTON,Region 4,Community water system,7800,ELBERTON,Medium,0,https://elbertonutilities.net/water-wastewater/forms-documents/Water%20Quality%20Report%202019.pdf,2020,No,-7.34,0,4,45,43,9,3,4,31,6.52173913,Original,Acceptable
59,13,81,Crisp,Georgia,GA0810001,CORDELE,Region 4,Community water system,11196,CORDELE,Large,0,https://nebula.wsimg.com/9b12eba5bedb983b21291e1146fc6892?AccessKeyId=5DE3111E17997895EBA3&disposition=0&alloworigin=1,2019,No,24.85,0,6,45,177,12,14,4,21,7.329842932,Original,Acceptable
60,13,9,Baldwin,Georgia,GA0090000,BALDWIN COUNTY,Region 4,Community water system,23067,-,Large,0,https://www.baldwincountyga.com/wp-content/uploads/2019/05/Water-Quality-Report.pdf,2019,No,0,0,4,45,8,5,1,2,36,11.11111111,Autotagged,Error
61,13,215,Muscogee,Georgia,GA2150000,COLUMBUS,Region 4,Community water system,229000,-,Very Large,0,http://www.cwwga.org/documentlibrary/598_Print%20Final.pdf,2020,No,23.5,0,16,45,252,22,15,4,18,5.617977528,Autotagged,Acceptable
62,13,51,Chatham,Georgia,GA0510229,SAVANNAH-WILMINGTON ISLAND,Region 4,Community water system,13526,-,Large,0,http://savannahwaterquality.com/reports/2020/savannah-main/,2020,No,34.22,0,9,45,268,12,10,4,23,3.597122302,Autotagged,Acceptable
63,13,185,Lowndes,Georgia,GA1850016,LOWNDES CO.-NORTH LOWNDES CO. WS,Region 4,Community water system,7194,LAKE PARK,Medium,0,https://www.lowndescounty.com/DocumentCenter/View/1339/Consumer-Confidence-Reports-2019,2020,No,-15.35,0,7,45,11,8,1,3,36,8.333333333,Autotagged,Acceptable
64,13,39,Camden,Georgia,GA0390001,ST. MARYS,Region 4,Community water system,17270,-,Large,0,http://www.stmarysga.gov/department/public_works/docs/Water_Quality_Reports/2019%20STMARY%20CCR.pdf,2020,No,19.44,0,4,45,13,9,12,4,22,48,Original,Acceptable
65,13,151,Henry,Georgia,GA1510000,HAMPTON,Region 4,Community water system,7305,HAMPTON,Medium,0,https://www.hcwa.com/skins/userfiles/files/HCWA_2020_CCR_web%20HQ.pdf,2020,No,-224.48,0,5,45,2,5,1,68,36,33.33333333,Original,Acceptable
66,13,137,Habersham,Georgia,GA1370002,CLARKESVILLE,Region 4,Community water system,5785,CLARKESVILLE,Medium,0,https://www.clarkesvillega.com/uploads/pdfs/CCR_report1.pdf,2020,No,-178.57,0,3,45,153,9,8,4,24,4.968944099,Original,Acceptable
67,13,241,Rabun,Georgia,GA2410118,RABUN COUNTY WATER & SEWER AUTHORITY,Region 4,Community water system,4587,CLAYTON,Medium,0,https://cityofclaytonga.gov/wp-content/uploads/2018/03/confidencereport.pdf,2018,No,0,0,5,45,9,6,1,2,36,10,Autotagged,Error
68,16,67,Minidoka,Idaho,ID5340017,RUPERT CITY OF,Region 10,Community water system,5645,-,Medium,0,http://www.rupert-idaho.com/wp-content/uploads/2019/06/CCR2018.pdf,2019,No,22.28,0,2,45,142,3,7,16,29,4.697986577,Autotagged,Acceptable
69,16,83,Twin Falls,Idaho,ID5420058,TWIN FALLS CITY OF,Region 10,Community water system,48260,-,Large,0,https://www.tfid.org/DocumentCenter/View/4612/2020-CCR-Report?bidId=,2020,No,38.28,0,2,45,115,4,15,7,19,11.53846154,Autotagged,Acceptable
70,16,47,Gooding,Idaho,ID5240009,GOODING CITY OF,Region 10,Community water system,3567,-,Medium,0,http://www.goodingidaho.org/departments/water-department/ccr-2017-report-is-my-water-safe/,2020,No,11.55,0,9,45,517,14,15,7,19,2.819548872,Original,Acceptable
71,17,31,Cook,Illinois,IL0312880,SKOKIE,Region 5,Community water system,64784,SKOKIE,Large,1,https://www.skokie.org/DocumentCenter/View/3640/Skokie-2019-Water-Quality-Report-PDF,2020,No,23.84,0,8,45,7,1281,12,3,22,63.15789474,Original,Acceptable
72,17,31,Cook,Illinois,IL0310450,CHICAGO HEIGHTS,Region 5,Community water system,30392,CHICAGO HEIGHTS,Large,1,http://cityofchicagoheights.org/DocumentCenter/View/2343/Consumer-Confidence-Report-2020,2020,No,-10.82,0,4,45,7,5,14,33,21,66.66666667,Original,Acceptable
73,17,31,Cook,Illinois,IL0311860,MELROSE PARK,Region 5,Community water system,25514,MELROSE PARK,Large,1,http://www.melrosepark.org/wp-content/uploads/2020/06/2019-Annual-Water-Quality-Report.pdf,2020,No,43.26,0,3,45,208,5,10,2,24,4.587155963,Autotagged,Acceptable
74,17,31,Cook,Illinois,IL0314740,PARK FOREST,Region 5,Community water system,21975,PARK FOREST,Large,1,http://www.vopfwaterreport.com/,2020,No,7.56,0,2,45,58,6,10,3,24,14.70588235,Autotagged,Acceptable
75,17,31,Cook,Illinois,IL0314180,BUFFALO GROVE,Region 5,Community water system,41266,BUFFALO GROVE,Large,1,https://issuu.com/vbg0/docs/waterccr_2019?fr=sMDdiZDU0MzE5,2020,No,-13.56,0,8,45,847,14,10,3,24,1.166861144,Autotagged,Acceptable
76,17,31,Cook,Illinois,IL0312730,ROLLING MEADOWS,Region 5,Community water system,24099,ROLLING MEADOWS,Large,1,https://www.cityrm.org/ArchiveCenter/ViewFile/Item/6534,2020,No,-0.97,0,6,45,225,9,12,9,18,5.063291139,Autotagged,Acceptable
77,17,31,Cook,Illinois,IL0315350,AQUA ILLINOIS-NORTH MAINE UTILITIES,Region 5,Community water system,30043,-,Large,1,https://www.aquaamerica.com/WaterQualityReports/2019/IL/IL0315350.pdf,2020,No,9.59,0,4,45,332,11,14,4,19,4.046242775,Autotagged,Acceptable
78,17,31,Cook,Illinois,IL0312520,POSEN,Region 5,Community water system,5820,POSEN,Medium,1,https://www.villageofposen.org/vop/wp-content/uploads/2020/05/2020-CCR-Water-Report-PPW.pdf,2020,No,-23.85,0,6,45,10,10,15,3,20,60,Original,Acceptable
79,17,31,Cook,Illinois,IL0312760,ROSEMONT,Region 5,Community water system,4300,ROSEMONT,Medium,1,https://www.rosemont.com/assets/1/7/2019_Water_Quality_Report.pdf,2020,No,17.85,0,6,45,171,9,5,2,30,2.840909091,Autotagged,Acceptable
80,17,29,Coles,Illinois,IL0290250,MATTOON,Region 5,Community water system,19000,MATTOON,Large,0,http://mattoon.illinois.gov/wp-content/uploads/CurrentCCR.pdf,2020,No,-22.66,0,5,45,400,11,10,2,24,2.43902439,Autotagged,Acceptable
81,17,143,Peoria,Illinois,IL1430200,CHILLICOTHE,Region 5,Community water system,5996,CHILLICOTHE,Medium,0,http://www.cityofchillicotheil.com/contact_us/public_works/docs/2019%20CCR%20report%20-%20Cleaned.pdf,2020,No,7.76,0,7,45,82,12,11,3,24,11.82795699,Autotagged,Acceptable
82,17,97,Lake,Illinois,IL0970840,LAKE VILLA,Region 5,Community water system,8829,LAKE VILLA,Medium,0,https://www.lake-villa.org/egov/documents/1588346710_40685.pdf,2020,No,-2266.75,0,4,45,182,6,10,11,24,5.208333333,Autotagged,Acceptable
83,17,163,St. Clair,Illinois,IL1630850,MILLSTADT,Region 5,Community water system,4380,MILLSTADT,Medium,0,http://www.villageofmillstadt.org/documents/2019-CCR.pdf,2020,No,0,0,9,45,14,10,1,2,35,6.666666667,Autotagged,Error
84,17,197,Will,Illinois,IL1970450,JOLIET,Region 5,Community water system,148693,JOLIET,Very Large,0,https://www.joliet.gov/Home/ShowDocument?id=26006,2020,No,36.66,0,6,45,98,11,13,7,18,11.71171171,Autotagged,Acceptable
85,17,119,Madison,Illinois,IL1195110,HOLIDAY SHORES SD,Region 5,Community water system,3387,-,Medium,0,http://water.epa.state.il.us/dww/JSP/SearchDispatch?number=&name=&county=All&WaterSystemType=All&SourceWaterType=All&PointOfContactType=None&SampleType=null&begin_date=1%2F24%2F2014&end_date=1%2F24%2F2016&action3=Review+Consumer+Confidence+Data,2020,No,-38.19,0,9,45,45,0,0,0,0,0,Corrupted,Acceptable
86,18,1,Adams,Indiana,IN5201002,DECATUR WATER DEPARTMENT,Region 5,Community water system,9500,DECATUR,Medium,0,http://www.decaturin.org/Documents/2020%20Drinking%20Water%20Quality%20Report.pdf,2020,No,0,0,2,45,6,3,1,2,36,14.28571429,Autotagged,Error
87,18,157,Tippecanoe,Indiana,IN5279015,PURDUE UNIV. WATER WORKS,Region 5,Community water system,55000,WEST LAFAYETTE,Large,0,https://www.purdue.edu/physicalfacilities/units/energy-utilities/ccr-report.pdf,2020,No,-18.91,0,7,45,54,7,15,13,19,21.73913043,Original,Acceptable
88,18,173,Warrick,Indiana,IN5287004,INDIANA AMERICAN WATER - NEWBURGH,Region 5,Community water system,19898,NEWBURGH,Large,0,https://www.amwater.com/ccr/newburgh.pdf,2020,No,12.94,0,8,45,194,15,15,5,19,7.177033493,Original,Acceptable
89,18,113,Noble,Indiana,IN5257008,KENDALLVILLE WATER DEPARTMENT,Region 5,Community water system,9905,KENDALLVILLE,Medium,0,https://www.kendallville-in.org/pdf/water/ccr.pdf,2020,No,-140.1,0,2,45,136,3,6,2,31,4.225352113,Original,Acceptable
90,18,41,Fayette,Indiana,IN5221001,CONNERSVILLE UTILITIES,Region 5,Community water system,15000,CONNERSVILLE,Large,0,http://connersvillecommunity.com/Portals/0/Documents/Utilities/CCR%202020.pdf,2020,No,4.31,0,2,45,10,719,12,4,21,54.54545455,Original,Acceptable
91,18,93,Lawrence,Indiana,IN5247004,NORTH LAWRENCE WATER AUTHORITY,Region 5,Community water system,13300,BEDFORD,Large,0,https://northlawrencewater.com/documents/770/CCR_2019.pdf,2020,No,22.99,0,4,45,141,7,10,3,24,6.622516556,Original,Acceptable
92,18,89,Lake,Indiana,IN5245015,INDIANA AMERICAN WATER - NORTHWEST,Region 5,Community water system,173525,"GARY, MERRILLVILLE",Very Large,0,https://www.amwater.com/ccr/greatergaryarea.pdf,2020,No,12.43,0,9,45,217,19,15,7,18,6.465517241,Original,Acceptable
93,18,173,Warrick,Indiana,IN5287001,VEOLIA WATER OF BOONVILLE,Region 5,Community water system,10260,BOONVILLE,Large,0,http://cms4.revize.com/revize/boonville/Veolia%20Water%20CCR%20Updated%206.12.2020.pdf,2020,No,35.75,0,4,45,9,11,5,3,31,35.71428571,Original,Acceptable
94,18,107,Montgomery,Indiana,IN5254005,INDIANA AMERICAN WATER - CRAWFORDSVILLE,Region 5,Community water system,14855,CRAWFORDSVILLE,Large,0,https://www.amwater.com/ccr/crawfordsville.pdf,2020,No,2.45,0,9,45,233,16,15,5,18,6.048387097,Original,Acceptable
95,19,167,Sioux,Iowa,IA8486053,SIOUX CENTER MUNICIPAL WATER DEPARTMENT,Region 7,Community water system,7050,SIOUX CENTER,Medium,0,https://www.siouxcenter.org/DocumentCenter/View/624/Annual-Water-Quality-Report?bidId=,2020,No,-184.35,0,3,45,27,4,6,4,29,18.18181818,Autotagged,Acceptable
96,19,59,Dickinson,Iowa,IA3070078,SPIRIT LAKE WATERWORKS,Region 7,Community water system,5578,SPIRIT LAKE,Medium,0,https://www.cityofspiritlake.org/wp-content/uploads/2020/06/2020-Water-Quality-Report.pdf,2020,No,-161.11,0,2,45,44,3,7,3,30,13.7254902,Autotagged,Acceptable
97,19,67,Floyd,Iowa,IA3405012,CHARLES CITY WATER SUPPLY,Region 7,Community water system,7702,CHARLES CITY,Medium,0,https://www.cityofcharlescity.org/ArchiveCenter/ViewFile/Item/690,2020,No,-276.65,0,2,45,17,3,14,4,22,45.16129032,Original,Acceptable
98,19,127,Marshall,Iowa,IA6469042,MARSHALLTOWN WATER WORKS,Region 7,Community water system,27680,MARSHALLTOWN,Large,0,https://img1.wsimg.com/blobby/go/777f8fed-58b1-435c-9425-41060b00131f/downloads/Marsahalltown%20CCR%202020%20English.pdf?ver=1592003311649,2020,No,11.82,0,2,45,12,3,9,14,24,42.85714286,Original,Acceptable
99,19,169,Story,Iowa,IA8584000,STORY CITY WATER DEPT,Region 7,Community water system,3431,STORY CITY,Medium,0,https://cityofstorycity.org/wp-content/uploads/2020/03/2019-Water-Quality-Report.pdf,2020,No,0,0,2,45,6,3,1,2,36,14.28571429,Autotagged,Error
100,20,45,Douglas,Kansas,KS2004503,"LAWRENCE, CITY OF",Region 7,Community water system,97286,LAWRENCE,Large,0,https://assets.lawrenceks.org/utilities/ccr-2020.pdf,2020,No,4.86,0,4,45,394,11,13,4,19,3.194103194,Original,Acceptable
101,20,103,Leavenworth,Kansas,KS2010312,LANSING CORRECTIONAL FACILITY,Region 7,Community water system,3500,LANSING,Medium,0,https://www.kdheks.gov/pws/2020_CCRs/LANSING_CORRECTIONAL_FACILITY-KS2010312.docx,2020,No,-40.36,0,4,45,318,10,8,4,24,2.45398773,Original,Acceptable
102,20,103,Leavenworth,Kansas,KS2010313,LAN DEL WATER DISTRICT,Region 7,Community water system,7302,LANSING,Medium,0,http://lan-del.com/Lan-Del%20Water%20Quality%20Report%202019.pdf,2020,No,-7.23,0,2,45,10,11,0,3,36,0,Original,Acceptable
103,21,229,Washington,Kentucky,KY1150415,SPRINGFIELD WATER WORKS,Region 4,Community water system,13205,-,Large,0,http://www.krwa.org/2019ccr/springfield.pdf,2020,No,0,0,2,45,6,3,1,2,36,14.28571429,Autotagged,Error
104,21,191,Pendleton,Kentucky,KY0960126,FALMOUTH WATER DEPARTMENT,Region 4,Community water system,3861,-,Medium,0,http://www.krwa.org/2019ccr/falmouth.pdf,2020,No,17.27,0,3,45,4,3,1,6,36,20,Original,Acceptable
105,21,107,Hopkins,Kentucky,KY0540936,MADISONVILLE LIGHT & WATER,Region 4,Community water system,28102,-,Large,0,http://www.krwa.org/2019ccr/madisonville.pdf,2020,No,13.28,0,2,45,77,3,2,4,34,2.53164557,Original,Acceptable
106,21,235,Whitley,Kentucky,KY1180468,WHITLEY CO WATER DISTRICT,Region 4,Community water system,9825,-,Medium,0,http://krwa.org/2019ccr/whitley.pdf,2020,No,22.62,0,5,45,125,6,8,5,29,6.015037594,Original,Acceptable
107,21,61,Edmonson,Kentucky,KY0310114,EDMONSON CO WATER DISTRICT,Region 4,Community water system,29872,-,Large,0,https://ecwdwater.com/wp-content/uploads/2020/06/2019-CCR-Edmonson-Co.pdf,2020,No,10.95,0,2,45,483,8,10,4,23,2.028397566,Autotagged,Acceptable
108,21,225,Union,Kentucky,KY1130422,STURGIS WATER WORKS,Region 4,Community water system,3490,-,Medium,0,http://krwa.org/2019ccr/sturgis.pdf,2020,No,9.56,0,3,45,17,4,2,3,34,10.52631579,Original,Acceptable
109,22,101,St. Mary Parish,Louisiana,LA1101011,WATER & SEWER COMMISSION 4 OF ST MARY,Region 6,Community water system,9348,-,Medium,0,https://ccrwater.net/stmarywscomm4-71055,2020,No,-74.97,0,7,45,243,10,11,3,24,4.330708661,Original,Acceptable
110,22,41,Franklin Parish,Louisiana,LA1041006,WINNSBORO WATER SYSTEM,Region 6,Community water system,5500,-,Medium,0,http://ldh.la.gov/assets/oph/Center-EH/engineering/CCR/2019/Franklin/LA1041006.docx,2020,No,-101.32,0,7,45,325,19,8,3,25,2.402402402,Original,Acceptable
111,22,15,Bossier Parish,Louisiana,LA1015040,CYPRESS BLACK BAYOU WATER SYSTEM,Region 6,Community water system,4989,-,Medium,0,http://ldh.la.gov/assets/oph/Center-EH/engineering/CCR/2019/Bossier/LA1015040.docx,2020,No,-68.34,0,6,45,244,14,8,3,25,3.174603175,Original,Acceptable
112,22,53,Jefferson Davis Parish,Louisiana,LA1053013,JEFF DAVIS WATER DISTRICT 4,Region 6,Community water system,3834,-,Medium,0,http://ldh.la.gov/assets/oph/Center-EH/engineering/CCR/2019/JeffersonDavis/LA1053013.docx,2020,No,-88.84,0,6,45,254,18,8,3,25,3.053435115,Original,Acceptable
113,22,73,Ouachita Parish,Louisiana,LA1073046,SOUTH MONROE WS GOWC,Region 6,Community water system,7577,-,Medium,0,http://ldh.la.gov/assets/oph/Center-EH/engineering/CCR/2019/Ouachita/LA1073046.docx,2020,No,-86.5,0,7,45,267,20,8,3,25,2.909090909,Original,Acceptable
114,22,23,Cameron Parish,Louisiana,LA1023011,CAMERON PARISH WW DISTRICT 11-SWEET LAKE,Region 6,Community water system,3696,-,Medium,0,http://ldh.la.gov/assets/oph/Center-EH/engineering/CCR/2019/Cameron/LA1023011.docx,2020,No,-76.86,0,6,45,239,18,8,3,25,3.238866397,Original,Acceptable
115,24,35,Queen Anne's,Maryland,MD0170001,TOWN OF CENTREVILLE,Region 3,Community water system,3322,-,Medium,0,https://www.townofcentreville.org/wp-content/uploads/2020/06/2019-CCR-Report.pdf,2020,No,-12.34,0,6,45,336,16,14,5,18,4,Autotagged,Acceptable
116,24,21,Frederick,Maryland,MD0100025,TOWN OF WALKERSVILLE,Region 3,Community water system,8440,-,Medium,0,http://walkersville-md.com/wp-content/uploads/2020/06/Annual-Drinking-Water-Quality-Report-.doc,2020,No,-79.75,0,5,45,5,5,11,5,26,68.75,Original,Acceptable
117,24,13,Carroll,Maryland,MD0060012,CITY OF TANEYTOWN,Region 3,Community water system,6750,-,Medium,0,http://cms6.revize.com/revize/taneytown/departments/public_works/docs/2019%20-%20Water%20Quality%20Report.pdf,2020,No,-2.4,0,5,45,153,8,14,7,19,8.383233533,Autotagged,Acceptable
118,24,1,Allegany,Maryland,MD0010009,WESTERN REGION ALLEGANY DISTRIB. SYSTEM,Region 3,Community water system,4955,-,Medium,0,https://www.alleganygov.org/DocumentCenter/View/794,2020,No,0,0,11,45,16,12,1,2,35,5.882352941,Autotagged,Error
119,24,1,Allegany,Maryland,MD0010005,EASTERN REGION ALLEGANY DISTRIB. SYSTEM,Region 3,Community water system,5703,-,Medium,0,https://www.alleganygov.org/DocumentCenter/View/793,2020,No,0,0,11,45,16,12,1,2,35,5.882352941,Autotagged,Error
120,25,17,Middlesex,Massachusetts,MA3274000,SOMERVILLE WATER DEPT. (MWRA),Region 1,Community water system,81322,SOMERVILLE,Large,0,https://www.somervillema.gov/sites/default/files/mwra-water-test-results.pdf,2020,No,70.04,0,8,45,352,12,10,13,23,2.762430939,Autotagged,Acceptable
121,25,23,Plymouth,Massachusetts,MA4219000,NORWELL WATER DEPARTMENT,Region 1,Community water system,11258,NORWELL,Large,0,https://www.townofnorwell.net/sites/g/files/vyhlif1011/f/uploads/norwell_2019_final_-_600_dpi.pdf,2020,No,27.32,0,4,45,566,12,12,5,19,2.076124567,Autotagged,Acceptable
122,25,27,Worcester,Massachusetts,MA2151001,CHERRY VALLEY/ ROCHDALE WATER DISTRICT,Region 1,Community water system,3337,LEICESTER,Medium,0,http://www.cvrwd.com/images/2019_CCR.pdf,2020,No,12.37,0,10,45,150,24,15,4,18,9.090909091,Original,Acceptable
123,25,17,Middlesex,Massachusetts,MA2002000,ACTON WATER SUPPLY DISTRICT,Region 1,Community water system,20890,ACTON,Large,0,https://www.actonwater.com/assets/media/documents/WaterWords/2020%20Summer%20Water%20Words.pdf,2020,No,3.43,0,10,45,16,10,11,5,25,40.74074074,Original,Acceptable
124,25,17,Middlesex,Massachusetts,MA3344000,WINCHESTER WATER DEPT,Region 1,Community water system,22800,WINCHESTER,Large,0,http://www.mwra.com/annual/waterreport/2019results/partially-supplied/winchester.pdf,2020,No,-1568.41,0,8,45,426,13,10,13,23,2.293577982,Autotagged,Acceptable
125,25,27,Worcester,Massachusetts,MA2316000,WEBSTER WATER DEPARTMENT,Region 1,Community water system,16767,WEBSTER,Large,0,https://www.webster-ma.gov/DocumentCenter/View/9485/CCR-2019?bidId=,2020,No,-46.55,0,5,45,158,11,13,3,19,7.602339181,Original,Acceptable
126,25,9,Essex,Massachusetts,MA3254000,ROWLEY WATER DEPARTMENT,Region 1,Community water system,6325,ROWLEY,Medium,0,https://1oua063xni9w4aubv61y61x2-wpengine.netdna-ssl.com/wp-content/uploads/sites/165/2020/06/2019-CCR.pdf,2020,No,24.04,0,14,45,409,34,14,9,19,3.309692671,Original,Acceptable
127,25,17,Middlesex,Massachusetts,MA3342000,WILMINGTON WATER DEPT,Region 1,Community water system,22325,WILMINGTON,Large,0,https://www.wilmingtonma.gov/sites/g/files/vyhlif5221/f/uploads/2019_ccr.pdf,2020,No,36.31,0,9,45,426,14,10,13,22,2.293577982,Autotagged,Acceptable
128,25,27,Worcester,Massachusetts,MA2153000,LEOMINSTER WATER DIVISION,Region 1,Community water system,40490,LEOMINSTER,Large,0,https://www.leominster-ma.gov/civicax/filebank/blobdload.aspx?BlobID=31076,2020,No,-262.44,0,7,45,510,13,14,3,19,2.671755725,Autotagged,Acceptable
129,26,87,Lapeer,Michigan,MI0003780,"LAPEER, CITY OF",Region 5,Community water system,8841,LAPEER,Medium,0,https://cms4.revize.com/revize/lapeer/DPWAnnualWaterQualityReports/Consumer%20Confidence%20Report%20-%202018.pdf,2019,No,-44.18,0,7,45,80,15,14,4,22,14.89361702,Original,Acceptable
130,26,81,Kent,Michigan,MI0007220,WYOMING,Region 5,Community water system,72125,WYOMING,Large,0,https://www.wyomingmi.gov/Portals/0/Documents/Departments/Utilities/Water_Quality_Report_2019.pdf,2020,Yes,-190.06,100,2,45,22,3,11,5,23,33.33333333,Autotagged,Acceptable
131,26,147,St. Clair,Michigan,MI0004090,MARINE CITY,Region 5,Community water system,4652,MARINE CITY,Medium,0,https://www.cityofmarinecity.org/sites/g/files/vyhlif851/f/uploads/2019_ccr_-_marine_city.pdf,2020,No,14.97,0,4,45,29,6,7,17,27,19.44444444,Original,Acceptable
132,26,163,Wayne,Michigan,MI0001740,DEARBORN HEIGHTS,Region 5,Community water system,57774,DEARBORN HEIGHTS,Large,0,http://www.ci.dearborn-heights.mi.us/DHT%202017%20CCR%20Report.pdf,2018,No,-1.89,0,6,45,81,11,13,6,19,13.82978723,Original,Acceptable
133,26,65,Ingham,Michigan,MI0003760,LANSING BOARD OF WATER & LIGHT,Region 5,Community water system,166000,LANSING,Very Large,0,https://www.lbwl.com/sites/default/files/documents/2020-05/wqr2020.pdf,2020,No,14.4,0,12,45,313,21,13,8,18,3.987730061,Autotagged,Acceptable
134,26,125,Oakland,Michigan,MI0005440,PONTIAC,Region 5,Community water system,63398,PONTIAC,Large,0,http://www.pontiac.mi.us/WRC_AnnualReport2018.pdf,2019,No,15.61,0,12,45,60,13,11,12,18,15.49295775,Autotagged,Acceptable
135,27,3,Anoka,Minnesota,MN1020016,Columbia Heights,Region 5,Community water system,20000,Columbia Heights,Large,0,https://cms5.revize.com/revize/columbiaheightsmn/document_center/Sewer%20&%20Water/2019CCR.pdf,2020,No,11.42,0,3,45,57,6,13,5,21,18.57142857,Original,Acceptable
136,27,139,Scott,Minnesota,MN1700007,Prior Lake,Region 5,Community water system,25282,Prior Lake,Large,0,https://www.cityofpriorlake.com/documents/drinking2019.pdf,2020,No,0,0,8,45,12,9,1,2,36,7.692307692,Autotagged,Error
137,27,3,Anoka,Minnesota,MN1020013,Circle Pines,Region 5,Community water system,5023,Circle Pines,Medium,0,https://www.centennialutilities.com/vertical/sites/%7B8FB5412B-3187-4073-A77B-E6FF861B1AAB%7D/uploads/2019_CCR_Water_Report.pdf,2020,No,-378.31,0,6,45,293,4,16,8,19,5.177993528,Autotagged,Acceptable
138,28,153,Wayne,Mississippi,MS0770003,CITY OF WAYNESBORO,Region 4,Community water system,4944,WAYNESBORO,Medium,0,https://msdh.ms.gov/ccr/2019/146840.pdf#page=1,2020,No,0,0,6,45,10,7,1,2,36,9.090909091,Autotagged,Error
139,28,121,Rankin,Mississippi,MS0610013,LEESBURG WATER ASSOCIATION,Region 4,Community water system,4170,-,Medium,0,http://www.leesburgwater.com/wp-content/uploads/2020/05/2019CCR.pdf,2020,No,-24.64,0,2,45,7,3,2,3,34,22.22222222,Autotagged,Acceptable
140,28,47,Harrison,Mississippi,MS0240084,CITY OF BILOXI-NORTH,Region 4,Community water system,9606,BILOXI,Medium,0,https://biloxi.ms.us/wp-content/uploads/2020/05/Water-Quality-Report.pdf,2020,No,6.71,0,5,45,1181,12,9,3,25,0.756302521,Autotagged,Acceptable
141,28,49,Hinds,Mississippi,MS0250021,REEDTOWN WATER ASSN,Region 4,Community water system,5040,-,Medium,0,https://msdh.ms.gov/ccr/2018/135768.pdf#page=1,2019,No,0,0,3,45,7,4,1,2,36,12.5,Autotagged,Error
142,28,89,Madison,Mississippi,MS0450007,EAST MADISON WATER ASSN-WEST,Region 4,Community water system,7265,-,Medium,0,https://msdh.ms.gov/ccr/2019/147546.pdf#page=1,2020,No,0,0,7,45,11,8,1,2,36,8.333333333,Autotagged,Error
143,29,23,Butler,Missouri,MO4010656,POPLAR BLUFF PWS,Region 7,Community water system,17266,POPLAR BLUFF,Large,0,https://dnr.mo.gov/ccr/MO4010656.pdf,2020,No,12.47,0,3,45,223,8,9,4,24,3.879310345,Original,Acceptable
144,29,37,Cass,Missouri,MO1024111,CASS COUNTY PWSD 7,Region 7,Community water system,4307,FREEMAN,Medium,0,https://dnr.mo.gov/ccr/MO1024111.pdf,2020,No,13.69,0,3,45,249,8,11,4,23,4.230769231,Original,Acceptable
145,29,43,Christian,Missouri,MO5010576,NIXA PWS,Region 7,Community water system,21000,NIXA,Large,0,https://dnr.mo.gov/ccr/MO5010576.pdf,2020,No,10.74,0,3,45,220,7,9,4,24,3.930131004,Original,Acceptable
146,29,71,Franklin,Missouri,MO6024211,FRANKLIN COUNTY PWSD 1,Region 7,Community water system,3500,WASHINGTON,Medium,0,https://dnr.mo.gov/ccr/MO6024211.pdf,2020,No,13.48,0,3,45,243,8,10,4,23,3.95256917,Original,Acceptable
147,29,83,Henry,Missouri,MO1010177,HENRY COUNTY WATER COMPANY,Region 7,Community water system,9014,CLINTON,Medium,0,https://dnr.mo.gov/ccr/MO1010177.pdf,2020,No,27.08,0,3,45,178,4,7,3,30,3.783783784,Autotagged,Acceptable
148,29,99,Jefferson,Missouri,MO6024300,JEFFERSON CO PWSD  8,Region 7,Community water system,4733,CEDAR HILL,Medium,0,https://dnr.mo.gov/ccr/MO6024300.pdf,2020,No,9.52,0,3,45,213,5,10,4,23,4.484304933,Original,Acceptable
149,29,71,Franklin,Missouri,MO6024213,FRANKLIN COUNTY PWSD 3,Region 7,Community water system,8250,"GRAY SUMMIT, LABADIE, VILLA RIDGE",Medium,0,https://dnr.mo.gov/ccr/MO6024213.pdf,2020,No,15.41,0,3,45,232,5,10,4,23,4.132231405,Original,Acceptable
150,30,111,Yellowstone,Montana,MT0000153,BILLINGS  CITY OF,Region 8,Community water system,"114,000",BILLINGS,Very Large,0,https://www.billingsmtpublicworks.gov/DocumentCenter/View/262/CCR-2019,2020,No,-314,0,12,45,232,8,14,13,19,5.691056911,Original,Acceptable
151,31,127,Nemaha,Nebraska,NE3112703,"AUBURN, CITY OF",Region 7,Community water system,3460,AUBURN,Medium,0,https://auburnbpw.com/wp-content/uploads/2020-Quality-on-Tap-report-2019-FY.pdf,2020,No,0,0,2,45,6,3,1,2,36,14.28571429,Autotagged,Error
152,31,153,Sarpy,Nebraska,NE3115303,"GRETNA, CITY OF",Region 7,Community water system,10852,GRETNA,Large,0,https://www.gretnane.org/DocumentCenter/View/1730/2019-Quality-Water-Report-PDF?bidId=,2020,No,-137.02,0,3,45,152,7,9,4,24,5.590062112,Original,Acceptable
153,32,3,Clark,Nevada,NV0000011,BOULDER CITY,Region 9,Community water system,15000,BOULDER CITY,Large,1,http://www.bcnv.org/280/Water-Quality-Consumer-Confidence-Report,2020,No,-38.23,0,4,45,9,6,8,8,26,47.05882353,Original,Acceptable
154,32,19,Lyon,Nevada,NV0000255,YERINGTON CITY OF,Region 9,Community water system,5050,-,Medium,0,http://www.coypw.com/ccr2019/pdf/ccr_2019_rev_a_yerington_nv.pdf,2020,Yes,37.88,100,4,45,617,11,10,7,23,1.594896332,Autotagged,Acceptable
155,34,25,Monmouth,New Jersey,NJ1340001,RED BANK WATER DEPT,Region 2,Community water system,12520,"FAIR HAVEN BORO-1313, LITTLE SILVER BORO-1323, RED BANK BORO-1340",Large,0,https://www.redbanknj.org/DocumentCenter/View/11018/Water-Quality-Report-for-the-Year-2019,2020,No,-45.47,0,10,45,172,25,11,6,20,6.010928962,Original,Acceptable
156,34,3,Bergen,New Jersey,NJ0232001,LYNDHURST WATER DEPARTMENT,Region 2,Community water system,20500,LYNDHURST TWP-0232,Large,0,http://www.lyndhurstnj.org/CCR.pdf,2020,No,0,0,15,45,20,16,1,2,35,4.761904762,Autotagged,Error
157,34,35,Somerset,New Jersey,NJ0712001,NJ AMERICAN WATER - SHORT HILLS,Region 2,Community water system,217230,"BEDMINSTER TWP.-1801, BELVIDERE TOWN-2103, BERKELEY HEIGHTS TWP.-2001, BERNARDS TWP.-1802, BERNARDSVILLE BORO-1803, CHATHAM BORO-1404, CHESTER TWP.-1407, FAR HILLS BORO-1807, FLORHAM PARK BORO-1411, FRANKLIN TWP.-2105, FRENCHTOWN BORO-1011, HARDING TWP.-1413, HILLSIDE TWP.-2007, IRVINGTON TOWN-0709, LITTLE FALLS TWP.-1605, LIVINGSTON TWP.-0710, MAPLEWOOD TWP.-0711, MENDHAM BORO-1418, MENDHAM TWP.-1419, MILLBURN TWP.-0712, MOUNT OLIVE TWP.-1427, NEW PROVIDENCE BORO-2011, NORTH CALDWELL BORO-0715, OXFORD TWP.-2117, SOUTH ORANGE VILLAGE-0719, SPRINGFIELD TWP.-2017, SUMMIT CITY-2018, UNION TWP-.2019, WARREN TWP.-1820",Very Large,0,https://www.amwater.com/ccr/shorthills.pdf,2020,No,-2.84,0,13,45,396,22,15,9,18,3.649635036,Original,Acceptable
158,34,41,Warren,New Jersey,NJ2108001,HACKETTSTOWN MUA,Region 2,Community water system,22000,HACKETTSTOWN TOWN-2108,Large,0,http://hmua.com/doc/2019-water-quality-report.pdf,2020,No,23.73,0,2,45,10,484,3,3,31,23.07692308,Original,Acceptable
159,34,27,Morris,New Jersey,NJ1424001,SOUTHEAST MORRIS COUNTY MUA,Region 2,Community water system,62053,"CHATHAM BORO-1404, HANOVER TWP.-1412, HARDING TWP.-1413, MENDHAM TWP.-1419, MORRIS PLAINS BORO-1423, MORRIS TWP.-1422, MORRISTOWN TOWN-1424",Large,0,https://smcmua.org/2019WaterQualityReport.pdf,2020,No,-159.97,0,9,45,3217,21,14,7,19,0.433302383,Original,Acceptable
160,34,15,Gloucester,New Jersey,NJ0808001,NJ AMERICAN WATER - HARRISON,Region 2,Community water system,9193,HARRISON TWP.-0808,Very Large,0,https://www.amwater.com/ccr/harrison.pdf,2020,No,13.96,0,9,45,38,10,9,15,25,19.14893617,Original,Acceptable
161,34,11,Cumberland,New Jersey,NJ0610001,MILLVILLE WATER DEPARTMENT,Region 2,Community water system,27500,MILLVILLE CITY-0610,Large,0,http://www.millvillenj.gov/DocumentCenter/View/2589/2019-CCR,2020,No,-46.96,0,2,45,39,6,15,6,19,27.77777778,Original,Acceptable
162,34,29,Ocean,New Jersey,NJ1525001,POINT PLEASANT BEACH WATER DEPARTMENT,Region 2,Community water system,12000,POINT P. BEACH BORO-1525,Large,0,https://pointpleasantbeach.org/wp-content/uploads/2020/06/WaterReport-2020.pdf,2020,No,-156.34,0,4,45,377,10,14,4,20,3.58056266,Autotagged,Acceptable
163,36,101,Steuben,New York,NY5001212,MORNINGSIDE HEIGHTS WD / ERWIN (T),Region 2,Community water system,4570,ERWIN (T),Medium,0,https://www.erwinny.org/AnnualWaterReport.pdf,2020,No,-72.09,0,8,45,14,14,14,4,20,50,Original,Acceptable
164,36,83,Rensselaer,New York,NY4100041,HOOSICK FALLS (V) PWS,Region 2,Community water system,4925,HOOSICK FALLS (V),Medium,0,https://www.villageofhoosickfalls.com/Media/PDF/WaterQualityReport2016.pdf,2017,No,0,0,19,45,24,20,1,2,35,4,Autotagged,Error
165,36,103,Suffolk,New York,NY5103705,RIVERHEAD WD,Region 2,Community water system,35000,RIVERHEAD (T),Large,0,https://www.townofriverheadny.gov/files/documents/2019AnnualWaterQualityReport958080430052920AM.pdf,2020,No,-84.78,0,5,45,15,688,3,3,31,16.66666667,Original,Acceptable
166,36,71,Orange,New York,NY3503531,HARRIMAN VILLAGE,Region 2,Community water system,5000,HARRIMAN (V),Medium,0,https://www.villageofharriman.org/uploads/4/2/9/6/42961709/harriman_awqr_19.pdf,2020,No,-83.97,0,6,45,38,8,16,5,19,29.62962963,Original,Acceptable
167,36,33,Franklin,New York,NY1600012,TUPPER LAKE V,Region 2,Community water system,5500,TUPPER LAKE (V),Medium,0,https://www.tupperlakeny.gov/vertical/sites/%7BE08972AB-854D-4CB7-B840-09015FB2A25A%7D/uploads/Annual_Water_Quality_Report_2019.pdf,2020,No,36.62,0,4,45,8,5,1,3,36,11.11111111,Autotagged,Acceptable
168,36,59,Nassau,New York,NY2902822,FRANKLIN SQUARE WD,Region 2,Community water system,20000,"HEMPSTEAD (T), STEWART MANOR (V)",Large,0,http://www.fswd.org/wp-content/uploads/2020/06/2019-Water-Quality-Report.pdf,2020,No,-126.9,0,5,45,23,827,3,3,31,11.53846154,Original,Acceptable
169,36,119,Westchester,New York,NY5903425,CROTON-ON-HUDSON VILLAGE,Region 2,Community water system,8000,CROTON-ON-HUDSON (V),Medium,0,https://www.crotononhudson-ny.gov/sites/g/files/vyhlif441/f/uploads/ny000109_wr.pdf,2020,No,29.25,0,6,45,155,131,8,3,25,4.90797546,Original,Acceptable
170,36,71,Orange,New York,NY3503554,PORT JERVIS CITY,Region 2,Community water system,9000,PORT JERVIS (C),Medium,0,https://www.portjervisny.org/wp-content/uploads/2020/05/2019-AWQR-Final.pdf,2020,No,-204.66,0,6,45,4,7,5,3,31,55.55555556,Original,Acceptable
171,36,55,Monroe,New York,NY2704518,ROCHESTER CITY,Region 2,Community water system,214000,ROCHESTER (C),Very Large,0,https://www.cityofrochester.gov/WorkArea/DownloadAsset.aspx?id=21474844274,2020,No,6.04,0,9,45,71,10,14,16,17,16.47058824,Autotagged,Acceptable
172,36,53,Madison,New York,NY2602371,CAZENOVIA VILLAGE,Region 2,Community water system,3635,CAZENOVIA (V),Medium,0,http://villageofcazenovia.com/wp-content/uploads/2020/03/Village-of-Caz-2019-AWQR-.doc,2020,No,-16.61,0,6,45,31,16,10,6,26,24.3902439,Original,Acceptable
173,36,117,Wayne,New York,NY5821130,ARCADIA-LYONS CSA,Region 2,Community water system,5760,LYONS (T),Medium,0,http://www.wcwsa.org/wqr/arc-lyons.pdf,2020,No,3.09,0,6,45,36,9,15,4,19,29.41176471,Original,Acceptable
174,36,109,Tompkins,New York,NY5404416,ITHACA CITY,Region 2,Community water system,29457,ITHACA (C),Large,0,https://www.cityofithaca.org/ArchiveCenter/ViewFile/Item/2093,2020,No,-12.48,0,14,45,50,14,12,4,25,19.35483871,Original,Acceptable
175,37,27,Caldwell,North Carolina,NC0114030,"GRANITE FALLS, TOWN OF",Region 4,Community water system,6386,GRANITE FALLS,Medium,0,https://granitefallsnc.govoffice3.com/vertical/Sites/%7B4576E5AF-4719-425A-8B42-427EECA78B10%7D/uploads/Granite_Falls__Town_of.pdf,2020,No,-99.97,0,3,45,14,8,10,4,25,41.66666667,Autotagged,Acceptable
176,37,179,Union,North Carolina,NC0190413,UNION COUNTY WATER SYSTEM,Region 4,Community water system,134066,MONROE,Very Large,0,https://online.fliphtml5.com/sogm/ekqi/,2020,Yes,0,100,16,45,21,17,1,2,35,4.545454545,Autotagged,Error
177,37,175,Transylvania,North Carolina,NC0188010,"BREVARD, CITY OF",Region 4,Community water system,10686,BREVARD,Large,0,https://www.cityofbrevard.com/DocumentCenter/View/2899/2019-Consumer-Confidence-Report-PDF,2020,No,-118.34,0,5,45,50,38,8,6,25,13.79310345,Original,Acceptable
178,37,31,Carteret,North Carolina,NC0416028,BOGUE BANKS WATER CORPORATION,Region 4,Community water system,4995,EMERALD ISLE,Medium,0,https://boguebankswater.com/documents/175/2019_Water_Quality_Report.pdf,2020,No,-61.81,0,5,45,61,15,10,4,25,14.08450704,Original,Acceptable
179,37,51,Cumberland,North Carolina,NC5026027,EASTOVER SANITARY DISTRICT,Region 4,Community water system,6705,EASTOVER,Medium,0,https://eastoversanitarydistrict.com/documents/336/CCR_2019.pdf,2020,No,0,0,8,45,12,9,1,2,36,7.692307692,Autotagged,Error
180,38,35,Grand Forks,North Dakota,ND1801056,AGASSIZ WATER USERS DISTRICT,Region 8,Community water system,3438,-,Medium,0,http://awud.org/data/_uploaded/reports/2018-water-report.pdf,2019,No,-321.68,0,2,45,29,3,3,3,32,9.375,Original,Acceptable
181,38,17,Cass,North Dakota,ND0901483,CASS RURAL WATER DISTRICT FARGO,Region 8,Community water system,4242,-,Medium,0,https://www.cassruralwater.com/wp-content/uploads/2019-Water-Quality-Report.pdf,2020,No,0,0,8,45,12,9,1,2,36,7.692307692,Autotagged,Error
182,39,71,Highland,Ohio,OH3600614,HILLSBORO CITY,Region 5,Community water system,6650,-,Medium,0,https://www.hillsboroohio.net/egov/documents/1588597994_26398.pdf,2020,No,-14.75,0,4,45,3,5,5,4,31,62.5,Original,Acceptable
183,39,113,Montgomery,Ohio,OH5701212,MIAMISBURG CITY PWS,Region 5,Community water system,20034,-,Large,0,http://www.ci.miamisburg.oh.us/index.php?option=com_docman&task=doc_download&gid=532&Itemid=119,2020,No,11.72,0,4,45,11,272,4,3,30,26.66666667,Original,Acceptable
184,39,155,Trumbull,Ohio,OH7803203,TRUMBULL CO.-SOUTHEAST PWS,Region 5,Community water system,8850,-,Medium,0,http://www.sanengr.co.trumbull.oh.us/ccr/SE.pdf,2020,No,-48.98,0,6,45,12,874,13,7,20,52,Original,Acceptable
185,39,43,Erie,Ohio,OH2201411,SANDUSKY CITY,Region 5,Community water system,25793,-,Large,0,http://www.ci.sandusky.oh.us/Public%20Works/Water%20Quality%20Report%202019.pdf,2020,No,6.38,0,6,45,259,7,14,6,19,5.128205128,Autotagged,Acceptable
186,39,35,Cuyahoga,Ohio,OH1801003,LAKEWOOD CITY PWS,Region 5,Community water system,52100,-,Large,0,http://www.onelakewood.com/wp-content/uploads/2019/05/WaterQualityReport2018.pdf,2019,No,-37.72,0,3,45,101,11,14,4,19,12.17391304,Original,Acceptable
187,39,39,Defiance,Ohio,OH2000212,HICKSVILLE VILLAGE,Region 5,Community water system,3581,-,Medium,0,https://www.villageofhicksville.com/gov/wp-content/uploads/2020/06/Hicksville-CCR-2019.pdf,2020,No,-27.23,0,3,45,173,7,15,3,19,7.978723404,Autotagged,Acceptable
188,39,61,Hamilton,Ohio,OH3102212,WYOMING CITY PWS,Region 5,Community water system,9700,-,Medium,0,https://wyomingohio.gov/download/Water%20Department/Consumer%20Confidence%20Report/2019-Consumer-Confidence-Report.pdf,2020,No,26.07,0,4,45,264,8,10,6,23,3.649635036,Autotagged,Acceptable
189,40,121,Pittsburg,Oklahoma,OK3006112,ADAMSON RWD #8,Region 6,Community water system,4306,-,Medium,0,https://adamsonwater.com/documents/1019/OK3006112.pdf,2019,No,-6.96,0,3,45,131,834,8,3,25,5.755395683,Original,Acceptable
190,40,143,Tulsa,Oklahoma,OK3007223,GLENPOOL WATER,Region 6,Community water system,12500,-,Large,0,http://www.cityofglenpool.com/DocumentCenter/View/824/2018-Annual-Water-Quality-Report?bidId=,2018,No,0,0,6,45,10,7,1,2,36,9.090909091,Autotagged,Error
191,40,79,Le Flore,Oklahoma,OK3004001,LEFLORE CO. RWD #14,Region 6,Community water system,9077,-,Medium,0,http://sdwis.deq.state.ok.us/DWW/CCReports/OK3004001.pdf,2020,No,10.34,0,4,45,330,14,10,4,24,2.941176471,Autotagged,Acceptable
192,40,121,Pittsburg,Oklahoma,OK3006112,ADAMSON RWD #8,Region 6,Community water system,4306,-,Medium,0,https://adamsonwater.com/documents/1019/OK3006112.pdf,2019,No,-6.96,0,3,45,131,834,8,3,25,5.755395683,Original,Acceptable
193,40,21,Cherokee,Oklahoma,OK1221637,CHEROKEE CO. RWD #11,Region 6,Community water system,3395,-,Medium,0,http://nebula.wsimg.com/8813102e8ca07d7f15f8dd89dc82c238?AccessKeyId=4AAD35A3C610A37FA19B&disposition=0alloworigin=1,2019,No,-19.25,0,4,45,224,1157,8,3,25,3.448275862,Original,Acceptable
194,41,17,Deschutes,Oregon,OR4100693,REDMOND WATER DEPARTMENT,Region 10,Community water system,27427,-,Large,0,https://www.redmondoregon.gov/home/showdocument?id=21327,2020,No,17.85,0,2,45,45,0,0,0,0,0,Corrupted,Acceptable
195,41,41,Lincoln,Oregon,OR4100566,"NEWPORT, CITY OF",Region 10,Community water system,10160,-,Large,0,https://www.newportoregon.gov/dept/pwk/documents/2019_Water_Quality_Report.pdf,2020,No,-22.67,0,4,45,44,16,13,4,20,22.80701754,Original,Acceptable
196,41,39,Lane,Oregon,OR4100246,"CRESWELL, CITY OF",Region 10,Community water system,5075,-,Medium,0,https://www.ci.creswell.or.us/sites/default/files/fileattachments/public_works/page/781/water_quailty_report_2019.pdf,2020,No,-33.87,0,2,45,52,5,12,3,23,18.75,Original,Acceptable
197,41,41,Lincoln,Oregon,OR4100798,SEAL ROCK WATER DISTRICT,Region 10,Community water system,5500,-,Medium,0,https://www.srwd.org/files/bd7748a0b/SRWD+2019+CCR+200615.pdf,2020,No,35.44,0,7,45,69,47,13,3,19,15.85365854,Original,Acceptable
198,41,59,Umatilla,Oregon,OR4100914,"UMATILLA, CITY OF",Region 10,Community water system,6980,-,Medium,0,https://www.umatilla-city.org/sites/default/files/fileattachments/utilities/page/711/year2019_ccr_whole.pdf,2020,No,28.64,0,3,45,112,3,15,4,19,11.81102362,Original,Acceptable
199,41,19,Douglas,Oregon,OR4100957,WINSTON-DILLARD WATER DISTRICT,Region 10,Community water system,8060,-,Medium,0,https://www.wdwd.us/uploads/3/4/5/2/34525748/ccr_2013.pdf,2013,No,0.76,0,2,45,24,7,7,5,27,22.58064516,Original,Acceptable
200,42,11,Berks,Pennsylvania,PA3060052,CAERNARVON TWP AUTH,Region 3,Community water system,4245,-,Medium,0,http://www.caernarvonwater.com/Documents/CTA2019notice.pdf,2020,No,-22.29,0,2,45,7,3,4,4,30,36.36363636,Original,Acceptable
201,42,59,Greene,Pennsylvania,PA5300005,MUN AUTH BORO OF CARMICHAELS,Region 3,Community water system,4700,-,Medium,0,http://www.carmichaelswaterauthority.com/wp-content/uploads/2020/05/2019CCR.pdf,2020,No,0,0,6,45,10,7,1,2,36,9.090909091,Autotagged,Error
202,42,71,Lancaster,Pennsylvania,PA7360113,EAST COCALICO TOWNSHIP,Region 3,Community water system,6735,-,Medium,0,https://www.eastcocalicotownship.com/sites/eastcocalicopa/files/uploads/ccr2017.pdf,2018,No,-904.63,0,4,45,567,8,14,4,19,2.409638554,Autotagged,Acceptable
203,42,97,Northumberland,Pennsylvania,PA4490023,PA AMERICAN WHITE DEER,Region 3,Community water system,30209,-,Large,0,https://www.amwater.com/ccr/whitedeer.pdf,2020,No,12.94,0,8,45,85,15,13,6,20,13.26530612,Original,Acceptable
204,42,71,Lancaster,Pennsylvania,PA7360143,WEST EARL WATER AUTHORITY,Region 3,Community water system,4327,-,Medium,0,http://www.westearltwp.org/documents/2019-CCR.pdf,2020,No,-109.82,0,12,45,16,12,1,3,35,5.882352941,Original,Acceptable
205,42,83,McKean,Pennsylvania,PA6420019,PA AMERICAN WATER CO KANE,Region 3,Community water system,5725,-,Medium,0,https://www.amwater.com/ccr/kane.pdf,2020,No,17.51,0,7,45,67,12,13,6,20,16.25,Original,Acceptable
206,42,17,Bucks,Pennsylvania,PA1090128,DTMA MAIN SYSTEM,Region 3,Community water system,8655,-,Medium,0,https://doylestownpa.org/wp-content/uploads/2020/06/Water-Quality-Report-PWS1090128-2019.pdf,2020,No,18.8,0,4,45,417,1037,8,3,26,1.882352941,Original,Acceptable
207,45,85,Sumter,South Carolina,SC4320001,DALZELL WATER DISTRICT (SC4320001),Region 4,Community water system,3912,DALZELL,Medium,0,https://www.sumtersc.gov/sites/default/files/uploads/Departments/Water/annual_water_quality_report.pdf,2020,No,34.22,0,10,45,316,14,10,2,23,3.067484663,Autotagged,Acceptable
208,45,63,Lexington,South Carolina,SC3220003,JOINT MUNICIPAL WSC (3220003),Region 4,Community water system,34317,LEXINGTON,Large,0,http://lcjmwsc.com/Data/Sites/1/media/water-quality-report-2019.pdf,2020,No,10.13,0,2,45,11,369,8,3,26,42.10526316,Original,Acceptable
209,45,47,Greenwood,South Carolina,SC2410001,GREENWOOD CPW (2410001),Region 4,Community water system,47947,GREENWOOD,Large,0,http://greenwoodcpw.com/waterqualityreport.pdf,2020,No,15.17,0,5,45,223,22700,9,5,23,3.879310345,Autotagged,Acceptable
210,45,67,Marion,South Carolina,SC3320001,MARCO RURAL WATER CO (SC3320001),Region 4,Community water system,15082,MARION,Large,0,https://marcoruralwater.org/documents/269/2019_CCR.pdf,2020,No,-0.87,0,4,45,253,9,10,4,24,3.802281369,Original,Acceptable
211,45,77,Pickens,South Carolina,SC3910003,LIBERTY CITY OF (SC3910003),Region 4,Community water system,3338,LIBERTY,Medium,0,https://www.libertysc.com/sites/default/files/uploads/internal/ccr_liberty_2019.pdf,2020,No,-72.53,0,3,45,5,4,10,4,25,66.66666667,Original,Acceptable
212,45,91,York,South Carolina,SC4610002,ROCK HILL CITY OF (SC4610002),Region 4,Community water system,74377,ROCK HILL,Large,0,https://www.cityofrockhill.com/home/showdocument?id=26616,2020,No,-40.52,0,16,45,664,20,14,11,17,2.064896755,Autotagged,Acceptable
213,46,83,Lincoln,South Dakota,SD4600304,LINCOLN COUNTY RURAL WATER SYSTEM,Region 8,Community water system,5788,"HARRISBURG, SIOUX FALLS",Medium,0,http://www.lincolncoruralwater.com/wp-content/uploads/2020/03/Consumer-Confidence-Report-for-2019.pdf,2020,No,-387.99,0,4,45,6,7,10,3,27,62.5,Original,Acceptable
214,47,185,White,Tennessee,TN0000569,QUEBECK WALLING UTILITY DIST,Region 4,Community water system,4838,-,Medium,0,http://www.qwudtn.com/wp-content/uploads/2020/03/CCF_000044.pdf,2020,No,0,0,2,45,6,3,1,2,36,14.28571429,Autotagged,Error
215,47,187,Williamson,Tennessee,TN0000511,NOLENSVILLE-COLLEGE GROVE UD,Region 4,Community water system,28919,NOLENSVILLE,Large,0,https://www.ncgud.com/wp-content/uploads/2020/06/2019-CCR.pdf,2020,No,-33.46,0,3,45,324,6,14,4,20,4.142011834,Autotagged,Acceptable
216,47,163,Sullivan,Tennessee,TN0000073,BRISTOL DEPTARTMENT OF UTILITIES,Region 4,Community water system,33199,BRISTOL,Large,0,https://www.bristoltn.org/DocumentCenter/View/8665/CCR-final-version,2020,No,14.74,0,6,45,6,5945,0,3,36,0,Original,Acceptable
217,47,65,Hamilton,Tennessee,TN0000037,UNION FORK-BAKEWELL UTILITY DISTRICT,Region 4,Community water system,5223,BAKEWELL,Medium,0,http://ufbud.com/wp-content/uploads/2020/06/UFBUDccr2019.pdf,2020,No,-43.27,0,2,45,187,4,15,6,19,7.425742574,Original,Acceptable
218,47,53,Gibson,Tennessee,TN0000813,GIBSON CO MUN WATER DIST #4,Region 4,Community water system,3422,TRENTON,Medium,0,https://www.gibsoncountywater.com/documents/311/2019_CCR.pdf,2020,No,25.26,0,2,45,233,5,14,3,20,5.668016194,Autotagged,Acceptable
219,47,163,Sullivan,Tennessee,TN0000349,KINGSPORT WATER DEPT,Region 4,Community water system,103427,KINGSPORT,Very Large,0,https://www.kingsporttn.gov/wp-content/uploads/2020/03/ccr2019.pdf,2020,No,-2.67,0,10,45,439,14,7,68,25,1.569506726,Original,Acceptable
220,48,453,Travis,Texas,TX2270001,CITY OF AUSTIN WATER & WASTEWATER,Region 6,Community water system,981783,-,Very Large,1,https://www.austintexas.gov/sites/default/files/files/Water/WaterQualityReports/AW_WaterQuality_Report_Austin_2019_FINAL.pdf,2020,Yes,16.29,100,2,45,14,483,7,3,26,33.33333333,Original,Acceptable
221,48,453,Travis,Texas,TX2270012,LAKEWAY MUD,Region 6,Community water system,10512,-,Large,1,https://179349-522195-raikfcquaxqncofqfm.stackpathdns.com/wp-content/uploads/LMUD-CCR2019.pdf,2020,Yes,9.52,100,2,45,8,2,1,3,36,11.11111111,Original,Acceptable
222,48,439,Tarrant,Texas,TX2200060,CITY OF LAKE WORTH,Region 6,Community water system,4780,-,Medium,1,https://lakeworthbeachfl.gov/download/2019-annual-drinking-water-quality-report/,2020,Yes,-1.75,100,5,45,11,6,1,3,36,8.333333333,Original,Acceptable
223,48,215,Hidalgo,Texas,TX1080234,MILITARY HWY WSC PROGRESO,Region 6,Community water system,11247,-,Large,1,https://www.militaryhighwaywsc.org/files.php?id=IdgsKG3KAYXwYwwrDFFQmsoDvmb7UCTJy3GfE5IHn_kYgvpDzAmOX3jSysyYvKXJ8O9ddKJBbcu_SPjQKmsIjjG-RA5UcMFrvIS6hbEPxLYXCtM90m9c7d5GY77qpujyS42WXixUabekopv0R2JBygGhKNv7Ma0K1pLoBUSFhSqyhytWfGkTAm7eJ4vpD08.,2020,No,0,0,6,45,10,7,1,2,36,9.090909091,Autotagged,Error
224,48,215,Hidalgo,Texas,TX1080006,MCALLEN PUBLIC UTILITY,Region 6,Community water system,173388,-,Very Large,1,http://mcallenpublicutility.com/wp-content/uploads/2020/04/2019-Water-Quality-Report-Booklet.pdf,2020,No,24.58,0,10,45,595,18,14,3,18,2.298850575,Autotagged,Acceptable
225,48,215,Hidalgo,Texas,TX1080010,CITY OF SAN JUAN,Region 6,Community water system,30027,-,Large,1,https://www.cityofsanjuantexas.com/cosj2/wp-content/uploads/2020/06/CCR_REPORT_2019-3.pdf,2020,No,25.97,0,2,45,213,14,6,3,30,2.739726027,Autotagged,Acceptable
226,48,201,Harris,Texas,TX1010159,HARRIS COUNTY WCID 1,Region 6,Community water system,7311,-,Medium,1,https://www.hcwcid1.com/wp-content/uploads/2020/06/2019-HCWCID-1-Water-Quality-Report.pdf,2020,No,28.85,0,5,45,260,211,12,3,19,4.411764706,Original,Acceptable
227,48,201,Harris,Texas,TX1010062,CITY OF SEABROOK,Region 6,Community water system,12792,-,Large,1,https://www.seabrooktx.gov/DocumentCenter/View/9323/Water-Quality-Report-2019-PDF?bidId=,2020,No,-83.8,0,3,45,13,1245,8,4,25,38.0952381,Original,Acceptable
228,48,201,Harris,Texas,TX1011256,NORTHWEST FREEWAY MUD,Region 6,Community water system,3558,-,Medium,1,http://www.wq-report.com/nwf.pdf,2020,No,-60.83,0,5,45,171,11,10,3,24,5.524861878,Original,Acceptable
229,48,201,Harris,Texas,TX1010539,HARRIS COUNTY MUD 1,Region 6,Community water system,9822,-,Medium,1,https://www.hcmud1.com/wp-content/uploads/2019/09/hcmud1_ccr_2018.pdf,2018,No,36.62,0,3,45,7,4,1,3,36,12.5,Autotagged,Acceptable
230,48,201,Harris,Texas,TX1013178,HARRIS COUNTY MUD 281,Region 6,Community water system,3609,-,Medium,1,https://www.wdmtexas.com/wp-content/uploads/HCMUD281_2019_FINAL.pdf,2020,No,11.96,0,3,45,11,6,3,9,31,21.42857143,Original,Acceptable
231,48,201,Harris,Texas,TX1010554,GREENWOOD UTILITY DISTRICT,Region 6,Community water system,4335,-,Medium,1,http://www.greenwoodud.com/wp-content/uploads/2019/05/greenwoodud_ccr_2018.pdf,2018,No,31.18,0,4,45,677,12,9,3,24,1.311953353,Autotagged,Acceptable
232,48,141,El Paso,Texas,TX0710018,EL PASO COUNTY WCID 4 FABENS,Region 6,Community water system,8100,-,Medium,1,http://epcwcid4.org/wp-content/uploads/2019/06/CCR_Report.pdf,2018,No,0,0,4,45,8,5,1,2,36,11.11111111,Autotagged,Error
233,48,61,Cameron,Texas,TX0310002,HARLINGEN WATER WORKS SYSTEM,Region 6,Community water system,85900,-,Large,1,https://www.hwws.com/wp-content/uploads/2020/06/CCR_2019.pdf,2020,No,18.15,0,5,45,218,12,10,3,19,4.385964912,Original,Acceptable
234,48,387,Red River,Texas,TX1940002,CITY OF CLARKSVILLE,Region 6,Community water system,4548,-,Medium,0,http://clarksvilletx.com/wp-content/uploads/2018/06/2017-Consumer-Confidence-Report.pdf,2017,No,-39.82,0,4,45,26,11,12,9,21,31.57894737,Original,Acceptable
235,48,39,Brazoria,Texas,TX0200645,BRAZORIA COUNTY MUD 31,Region 6,Community water system,4350,-,Medium,0,http://www.bcmud21.com/wp-content/uploads/2019/06/bcmud21_ccr_2018.pdf,2019,No,20.28,0,2,45,431,8,14,4,19,3.146067416,Autotagged,Acceptable
236,48,167,Galveston,Texas,TX0840002,CITY OF FRIENDSWOOD,Region 6,Community water system,37921,-,Large,0,https://www.ci.friendswood.tx.us/CCR,2020,No,-43.85,0,2,45,7,17,8,3,26,53.33333333,Original,Acceptable
237,48,203,Harrison,Texas,TX1020002,CITY OF MARSHALL,Region 6,Community water system,23091,-,Large,0,http://www.marshalltexas.net/uploads/pdf/Water%20Report%20-%202019.pdf,2020,No,-90.57,0,4,45,44,17,3,3,32,6.382978723,Original,Acceptable
238,48,121,Denton,Texas,TX0610080,CITY OF HIGHLAND VILLAGE,Region 6,Community water system,15650,-,Large,0,https://www.highlandvillage.org/ArchiveCenter/ViewFile/Item/2274,2020,No,9.32,0,2,45,12,18,5,3,31,29.41176471,Original,Acceptable
239,48,325,Medina,Texas,TX1630010,EAST MEDINA COUNTY SUD UNIT 1,Region 6,Community water system,5133,-,Medium,0,https://www.emcsud.dst.tx.us/documents/837/2019_CCR_Report_for_1630010__20___30-converted.pdf,2020,No,-302.06,0,18,45,399,20,11,19,22,2.682926829,Original,Acceptable
240,48,209,Hays,Texas,TX1050002,CITY OF KYLE,Region 6,Community water system,29118,-,Large,0,https://www.cityofkyle.com/publicworks/2019-water-quality-report,2020,No,0,0,7,45,175,10,11,2,25,5.913978495,Autotagged,Error
241,48,157,Fort Bend,Texas,TX0790324,CINCO MUD 8,Region 6,Community water system,4632,-,Medium,0,http://www.cincomud8.com/wp-content/uploads/2019/06/cincomud8_annual_drinking_water_quality_report_2018.pdf,2019,No,34.94,0,2,45,369,8,9,4,24,2.380952381,Autotagged,Acceptable
242,48,367,Parker,Texas,TX1840079,PARKER COUNTY SUD SURFACE,Region 6,Community water system,4113,-,Medium,0,https://parkercountywater.com/documents/87/2019_Ground_CCR.pdf,2020,No,-5.95,0,3,45,191,11,13,3,19,6.37254902,Original,Acceptable
243,48,5,Angelina,Texas,TX0030016,ANGELINA WSC,Region 6,Community water system,3470,-,Medium,0,https://www.angelinawater.com/files/2019_CCR.pdf,2020,No,0,0,4,45,8,5,1,2,36,11.11111111,Autotagged,Error
244,49,51,Wasatch,Utah,UTAH26086,JORDANELLE SSD,Region 8,Community water system,6500,-,Medium,0,http://cdn.sqhk.co/jordanelle/gcnxchb/JordanelleSSD2019CCR.pdf,2020,No,12.37,0,5,45,401,10,4,14,24,0.987654321,Original,Acceptable
245,49,35,Salt Lake,Utah,UTAH18010,HOLLIDAY WATER COMPANY,Region 8,Community water system,15000,-,Large,0,https://hollidaywatercompany.com/documents/817/WQR-HollidayUT-Web.pdf,2020,No,22.01,0,4,45,45,0,0,0,0,0,Corrupted,Acceptable
246,51,165,Rockingham,Virginia,VA2165525,MASSANUTTEN VILLAGE,Region 3,Community water system,5235,-,Medium,0,https://www.uiwater.com/docs/default-source/virginia-m/2018/massanutten-18ccr-257.pdf?sfvrsn=4,2019,No,-102.31,0,4,45,26,9,12,13,21,31.57894737,Original,Acceptable
247,51,137,Orange,Virginia,VA6137500,"ORANGE, TOWN OF",Region 3,Community water system,4500,-,Medium,0,https://www.townoforangeva.org/civicalerts.aspx?aid=337,2020,No,15.82,0,7,45,396,15,10,3,24,2.463054187,Autotagged,Acceptable
248,51,31,Campbell,Virginia,VA5031150,CAMPBELL COUNTY CENTRAL SYSTEM,Region 3,Community water system,21761,-,Large,0,https://www.ccusa-water.com/images/stories/documents/CCUSA2019WaterQualityReport.pdf,2020,No,0,0,7,45,11,8,1,2,36,8.333333333,Autotagged,Error
249,51,171,Shenandoah,Virginia,VA2171850,"WOODSTOCK, TOWN OF",Region 3,Community water system,5070,-,Medium,0,https://www.townofwoodstockva.gov/DocumentCenter/View/1777/CCR-Brochure-2019-Final?bidId=,2020,No,-50.24,0,2,45,17,9,7,25,27,29.16666667,Original,Acceptable
250,51,143,Pittsylvania,Virginia,VA5143396,MOUNT HERMON - (PCSA),Region 3,Community water system,4565,-,Medium,0,https://pcsa.co/sites/pcsa.co/files/water-quality-reports/Mount%20Hermon-5143396-2016%20CCR.pdf,2017,No,-53.15,0,4,45,200,8,14,4,19,6.542056075,Autotagged,Acceptable
251,51,95,James City,Virginia,VA3095490,JCSA - CENTRAL SYSTEM,Region 3,Community water system,51137,-,Large,0,https://jamescitycountyva.gov/DocumentCenter/View/16430/Central-Water-Quality-Report-2017-PDF?bidId=,2017,No,21.7,0,5,45,867,32,8,6,25,0.914285714,Original,Acceptable
252,53,63,Spokane,Washington,WA5391450,VERA WATER & POWER,Region 10,Community water system,24692,-,Large,0,https://verawaterandpower.com/wp-content/uploads/Vera-2019-Water-Quality-Report.pdf,2020,No,42.45,0,1,45,110,6,10,3,24,8.333333333,Autotagged,Acceptable
253,53,53,Pierce,Washington,WA5356820,MOUNTAIN VIEW-EDGEWOOD WATER CO,Region 10,Community water system,10400,-,Large,0,https://img1.wsimg.com/blobby/go/5e84723b-4989-4b14-83e0-35cf8aec8d95/downloads/2019%20Water%20Quality%20Report.pdf?ver=1529031493N9o4 4766,2020,No,-439.11,0,2,45,85,4,4,3,31,4.494382022,Autotagged,Acceptable
254,53,33,King,Washington,WA5339800,KING COUNTY WATER DISTRICT #49,Region 10,Community water system,16065,-,Large,0,http://www.wd49.com/pdf/ccrCurrent.pdf,2020,No,-3.08,0,4,45,133,7,13,9,19,8.904109589,Original,Acceptable
255,53,71,Walla Walla,Washington,WA5300710,Snake River Housing Water System,Region 10,Community water system,3936,-,Medium,0,http://www.snakeriverwater.com/wp-content/uploads/2019/05/SNAKE-RIVER-WD-CO0159105-2019-CCR-Port.pdf,2019,No,-37.92,0,5,45,198,10,14,3,20,6.603773585,Original,Acceptable
256,53,63,Spokane,Washington,WA5393353,SPO CO WATER DIST 3 SYS 3,Region 10,Community water system,3658,-,Medium,0,https://scwd3.org/wp-content/uploads/2020/06/System-3-North-Spokane-Valley-PWS-93353P-2019.pdf,2020,No,-20.73,0,3,45,35,2,8,5,25,18.60465116,Original,Acceptable
257,53,53,Pierce,Washington,WA5385050,SUMMIT WATER & SUPPLY CO,Region 10,Community water system,16000,-,Large,0,http://summitwater.org/documents/ccr%20report%202017.pdf,2018,No,-120.24,0,2,45,393,7,14,3,19,3.43980344,Autotagged,Acceptable
258,53,33,King,Washington,WA5375560,SALLAL WATER ASSOCIATION INC,Region 10,Community water system,6056,-,Medium,0,https://sallal.com/wp-content/uploads/2020/06/Sallal-CCR-Water-Quality-Report-2019.pdf,2020,No,-21.28,0,5,45,22,7,12,3,22,35.29411765,Original,Acceptable
259,53,33,King,Washington,WA5340900,SAMMAMISH PLATEAU WATER & SEWER,Region 10,Community water system,65543,-,Large,0,https://spwater.org/ArchiveCenter/ViewFile/Item/117,2020,No,31.08,0,12,45,126,17,14,6,18,10,Autotagged,Acceptable
260,54,69,Ohio,West Virginia,WV3303516,WHEELING WATER,Region 3,Community water system,29899,WHEELING,Large,0,https://www.wheelingwv.gov/media/Public%20Works/Consumer%20Confidence%20Report%202012.pdf,2013,No,-945.23,0,2,45,430,5,9,3,24,2.050113895,Autotagged,Acceptable
261,54,49,Marion,West Virginia,WV3302502,FAIRMONT CITY OF,Region 3,Community water system,29864,FAIRMONT,Large,0,https://www.fairmontwv.gov/DocumentCenter/View/2500/CCR-2019-Approved,2020,No,-4.43,0,4,45,263,7,14,5,20,5.054151625,Autotagged,Acceptable
262,54,107,Wood,West Virginia,WV3305411,VIENNA,Region 3,Community water system,12507,VIENNA,Large,0,http://vienna-wv.com/documentsandforms/ccr/CCR_2019.pdf,2020,No,-793.79,0,2,45,161,6,10,2,25,5.847953216,Autotagged,Acceptable
263,55,39,Fond du Lac,Wisconsin,WI4200476,RIPON WATER UTILITY,Region 5,Community water system,7800,RIPON,Medium,0,https://www.cityofripon.com/vertical/sites/%7BC9DFD7DB-82C0-4C05-87F7-C5A541F2A609%7D/uploads/2019_CCR_DR.pdf,2020,No,5.23,0,8,45,261,19,10,4,26,3.6900369,Original,Acceptable
264,55,63,La Crosse,Wisconsin,WI6320306,HOLMEN WATERWORKS,Region 5,Community water system,10147,HOLMEN,Large,0,https://www.holmenwi.com/vertical/sites/%7BDAE55C32-2E5F-4FF9-8788-A1933CE34B1B%7D/uploads/CCR_2019_2.pd,2020,No,-1.38,0,5,45,357,18,9,4,27,2.459016393,Original,Acceptable
265,55,63,La Crosse,Wisconsin,WI6320306,HOLMEN WATERWORKS,Region 5,Community water system,10147,HOLMEN,Large,0,https://www.holmenwi.com/vertical/sites/%7BDAE55C32-2E5F-4FF9-8788-A1933CE34B1B%7D/uploads/CCR_2019_2.pd,2020,No,-1.38,0,5,45,357,18,9,4,27,2.459016393,Original,Acceptable
266,55,83,Oconto,Wisconsin,WI4430495,OCONTO WATERWORKS,Region 5,Community water system,4740,OCONTO,Medium,0,https://cityofoconto.com/wp-content/uploads/2020/06/2019-CCR-1.pdf,2019,No,1.78,0,6,45,223,15,10,3,26,4.291845494,Original,Acceptable
267,55,17,Chippewa,Wisconsin,WI6090462,STANLEY WATERWORKS,Region 5,Community water system,3500,STANLEY,Medium,0,https://stanleywisconsin.us/wp-content/uploads/2020/06/ANNUAL-DRINKING-WATER-QUALITY-REPORT-2019.pdf,2020,No,-311.16,0,5,45,27,8,8,6,25,22.85714286,Original,Acceptable
268,55,87,Outagamie,Wisconsin,WI4450409,COMBINED LOCKS WATERWORKS,Region 5,Community water system,3477,COMBINED LOCKS,Medium,0,http://www.combinedlocks.org/media/147033/ccr-2018-distributed-in-2019.pdf,2019,No,-44.49,0,14,45,35,18,14,29,20,28.57142857,Original,Acceptable
269,55,79,Milwaukee,Wisconsin,WI2410556,BROWN DEER WATERWORKS,Region 5,Community water system,12741,BROWN DEER,Large,0,https://www.browndeerwi.org/wp-content/uploads/2020/05/2019_BD_CCR_final.pdf,2020,No,-1.48,0,12,45,1348,24,14,4,18,1.027900147,Autotagged,Acceptable
270,56,21,Laramie,Wyoming,WY5600011,CHEYENNE BOARD OF PUBLIC UTILITIES,Region 8,Community water system,58182,CHEYENNE,Large,0,https://www.cheyennebopu.org/Your-Water/Water-Quality/CCR,2020,No,16.33,0,10,45,581,16,15,4,18,2.516778523,Autotagged,Acceptable
271,56,29,Park,Wyoming,WY5600042,"POWELL, CITY OF",Region 8,Community water system,6700,POWELL,Medium,0,https://cityofpowell.com/download/2018-annual-drinking-water-quality-report/#,2020,No,-2.43,0,6,45,207,10,15,4,20,6.756756757,Original,Acceptable
