ID,State Code,County Code,Name,State Name,PWS ID,PWS Name,EPA Region,PWS Type,Population Served Count,Cities Served,Size,Diversity Tag,Online,Large Print,Translation
1,6,111,Ventura,California,CA5610008,PLEASANT VALLEY MUTUAL WATER CO,Region 9,Community water system,5000,-,Medium,Ventura California,,,
2,48,453,Travis,Texas,TX2270001,CITY OF AUSTIN WATER & WASTEWATER,Region 6,Community water system,981783,-,Very Large,Travis Texas,,,
3,48,453,Travis,Texas,TX2270012,LAKEWAY MUD,Region 6,Community water system,10512,-,Large,Travis Texas,,,
4,48,439,Tarrant,Texas,TX2200060,CITY OF LAKE WORTH,Region 6,Community water system,4780,-,Medium,Tarrant Texas,,,
5,6,73,San Diego,California,CA3710015,"POWAY, CITY OF",Region 9,Community water system,49990,POWAY,Large,San Diego California,,,
6,12,86,Miami-Dade,Florida,FL4134365,HIALEAH GARDENS,Region 4,Community water system,24156,HIALEAH GARDENS,Large,Miami-Dade Florida,,,
7,4,13,Maricopa,Arizona,AZ0407056,EPCOR WATER - PARADISE VALLEY/SCOTTSDALE,Region 9,Community water system,12000,PARADISE VALLEY,Large,Maricopa Arizona,,,
8,4,13,Maricopa,Arizona,AZ0407070,SUNRISE WATER COMPANY,Region 9,Community water system,4765,PEORIA,Medium,Maricopa Arizona,,,
9,6,37,Los Angeles,California,CA1910030,GSWC - CULVER CITY,Region 9,Community water system,36192,SANTA FE SPRINGS,Large,Los Angeles California,,,
10,6,37,Los Angeles,California,CA1910194,ROWLAND WATER DISTRICT,Region 9,Community water system,55038,-,Large,Los Angeles California,,,
11,6,37,Los Angeles,California,CA1910017,SANTA CLARITA VALLEY W.A.-SANTA CLARITA,Region 9,Community water system,127992,-,Very Large,Los Angeles California,,,
12,6,29,Kern,California,CA1510020,"TEHACHAPI, CITY OF",Region 9,Community water system,8839,TEHACHAPI,Medium,Kern California,,,
13,48,215,Hidalgo,Texas,TX1080234,MILITARY HWY WSC PROGRESO,Region 6,Community water system,11247,-,Large,Hidalgo Texas,,,
14,48,215,Hidalgo,Texas,TX1080006,MCALLEN PUBLIC UTILITY,Region 6,Community water system,173388,-,Very Large,Hidalgo Texas,,,
15,48,215,Hidalgo,Texas,TX1080010,CITY OF SAN JUAN,Region 6,Community water system,30027,-,Large,Hidalgo Texas,,,
16,48,215,Hidalgo,Texas,TX1080005,CITY OF ELSA,Region 6,Community water system,5500,-,Medium,Hidalgo Texas,,,
17,48,201,Harris,Texas,TX1011585,CITY OF HOUSTON DISTRICT 73,Region 6,Community water system,5073,-,Medium,Harris Texas,,,
18,48,201,Harris,Texas,TX1011809,HARRIS COUNTY MUD 189,Region 6,Community water system,6480,-,Medium,Harris Texas,,,
19,48,201,Harris,Texas,TX1010159,HARRIS COUNTY WCID 1,Region 6,Community water system,7311,-,Medium,Harris Texas,,,
20,48,201,Harris,Texas,TX1010062,CITY OF SEABROOK,Region 6,Community water system,12792,-,Large,Harris Texas,,,
21,48,201,Harris,Texas,TX1010572,HARRIS COUNTY MUD 24,Region 6,Community water system,10263,-,Large,Harris Texas,,,
22,48,201,Harris,Texas,TX1011256,NORTHWEST FREEWAY MUD,Region 6,Community water system,3558,-,Medium,Harris Texas,,,
23,48,201,Harris,Texas,TX1010539,HARRIS COUNTY MUD 1,Region 6,Community water system,9822,-,Medium,Harris Texas,,,
24,48,201,Harris,Texas,TX1013178,HARRIS COUNTY MUD 281,Region 6,Community water system,3609,-,Medium,Harris Texas,,,
25,48,201,Harris,Texas,TX1010554,GREENWOOD UTILITY DISTRICT,Region 6,Community water system,4335,-,Medium,Harris Texas,,,
26,6,19,Fresno,California,CA1010021,"MENDOTA, CITY OF",Region 9,Community water system,11104,MENDOTA,Large,Fresno California,,,
27,48,141,El Paso,Texas,TX0710018,EL PASO COUNTY WCID 4 FABENS,Region 6,Community water system,8100,-,Medium,El Paso Texas,,,
28,17,31,Cook,Illinois,IL0312880,SKOKIE,Region 5,Community water system,64784,SKOKIE,Large,Cook Illinois,,,
29,17,31,Cook,Illinois,IL0310450,CHICAGO HEIGHTS,Region 5,Community water system,30392,CHICAGO HEIGHTS,Large,Cook Illinois,,,
30,17,31,Cook,Illinois,IL0311860,MELROSE PARK,Region 5,Community water system,25514,MELROSE PARK,Large,Cook Illinois,,,
31,17,31,Cook,Illinois,IL0314740,PARK FOREST,Region 5,Community water system,21975,PARK FOREST,Large,Cook Illinois,,,
32,17,31,Cook,Illinois,IL0314180,BUFFALO GROVE,Region 5,Community water system,41266,BUFFALO GROVE,Large,Cook Illinois,,,
33,17,31,Cook,Illinois,IL0312730,ROLLING MEADOWS,Region 5,Community water system,24099,ROLLING MEADOWS,Large,Cook Illinois,,,
34,17,31,Cook,Illinois,IL0315350,AQUA ILLINOIS-NORTH MAINE UTILITIES,Region 5,Community water system,30043,-,Large,Cook Illinois,,,
35,17,31,Cook,Illinois,IL0312520,POSEN,Region 5,Community water system,5820,POSEN,Medium,Cook Illinois,,,
36,17,31,Cook,Illinois,IL0312760,ROSEMONT,Region 5,Community water system,4300,ROSEMONT,Medium,Cook Illinois,,,
37,32,3,Clark,Nevada,NV0000011,BOULDER CITY,Region 9,Community water system,15000,BOULDER CITY,Large,Clark Nevada,,,
38,48,61,Cameron,Texas,TX0310002,HARLINGEN WATER WORKS SYSTEM,Region 6,Community water system,85900,-,Large,Cameron Texas,,,
39,12,11,Broward,Florida,FL4060573,"HALLANDALE BEACH, CITY OF",Region 4,Community water system,40000,HALLANDALE BEACH,Large,Broward Florida,,,
40,6,1,Alameda,California,CA0110006,CITY OF HAYWARD,Region 9,Community water system,151600,HAYWARD,Very Large,Alameda California,,,
41,72,13,Arecibo Municipio,Puerto Rico,PR0002782,GARROCHALES,Region 2,Community water system,5754,"ARECIBO, GARROCHALES",Medium,,,,
42,54,19,Fayette,West Virginia,WV3301042,GAULEY RIVER PSD,Region 3,Community water system,4168,BELVA,Medium,,,,
43,13,105,Elbert,Georgia,GA1050001,ELBERTON,Region 4,Community water system,7800,ELBERTON,Medium,,,,
44,27,3,Anoka,Minnesota,MN1020016,Columbia Heights,Region 5,Community water system,20000,Columbia Heights,Large,,,,
45,1,33,Colbert,Alabama,AL0000316,HAWK PRIDE MT WATER SYSTEM,Region 4,Community water system,4035,TUSCUMBIA,Medium,,,,
46,22,101,St. Mary Parish,Louisiana,LA1101011,WATER & SEWER COMMISSION 4 OF ST MARY,Region 6,Community water system,9348,-,Medium,,,,
47,48,387,Red River,Texas,TX1940002,CITY OF CLARKSVILLE,Region 6,Community water system,4548,-,Medium,,,,
48,47,185,White,Tennessee,TN0000569,QUEBECK WALLING UTILITY DIST,Region 4,Community water system,4838,-,Medium,,,,
49,24,35,Queen Anne's,Maryland,MD0170001,TOWN OF CENTREVILLE,Region 3,Community water system,3322,-,Medium,,,,
50,26,87,Lapeer,Michigan,MI0003780,"LAPEER, CITY OF",Region 5,Community water system,8841,LAPEER,Medium,,,,
51,48,39,Brazoria,Texas,TX0200645,BRAZORIA COUNTY MUD 31,Region 6,Community water system,4350,-,Medium,,,,
52,12,119,Sumter,Florida,FL6604862,LITTLE SUMTER UTILITIES 3WPS,Region 4,Community water system,25382,THE VILLAGES,Large,,,,
53,13,81,Crisp,Georgia,GA0810001,CORDELE,Region 4,Community water system,11196,CORDELE,Large,,,,
54,18,1,Adams,Indiana,IN5201002,DECATUR WATER DEPARTMENT,Region 5,Community water system,9500,DECATUR,Medium,,,,
55,20,45,Douglas,Kansas,KS2004503,"LAWRENCE, CITY OF",Region 7,Community water system,97286,LAWRENCE,Large,,,,
56,18,157,Tippecanoe,Indiana,IN5279015,PURDUE UNIV. WATER WORKS,Region 5,Community water system,55000,WEST LAFAYETTE,Large,,,,
57,47,49,Fentress,Tennessee,TN0000324,JAMESTOWN WATER DEPT,Region 4,Community water system,4042,JAMESTOWN,Medium,,,,
58,21,229,Washington,Kentucky,KY1150415,SPRINGFIELD WATER WORKS,Region 4,Community water system,13205,-,Large,,,,
59,22,41,Franklin Parish,Louisiana,LA1041006,WINNSBORO WATER SYSTEM,Region 6,Community water system,5500,-,Medium,,,,
60,24,21,Frederick,Maryland,MD0100025,TOWN OF WALKERSVILLE,Region 3,Community water system,8440,-,Medium,,,,
61,42,11,Berks,Pennsylvania,PA3060052,CAERNARVON TWP AUTH,Region 3,Community water system,4245,-,Medium,,,,
62,36,71,Orange,New York,NY3511338,U.S.M.A. - STONEY LONESOME SYS,Region 2,Community water system,4000,HIGHLANDS (T),Medium,,,,
63,42,59,Greene,Pennsylvania,PA5300005,MUN AUTH BORO OF CARMICHAELS,Region 3,Community water system,4700,-,Medium,,,,
64,55,39,Fond du Lac,Wisconsin,WI4200476,RIPON WATER UTILITY,Region 5,Community water system,7800,RIPON,Medium,,,,
65,48,167,Galveston,Texas,TX0840002,CITY OF FRIENDSWOOD,Region 6,Community water system,37921,-,Large,,,,
66,48,157,Fort Bend,Texas,TX0790085,TDCJ JESTER 1 UNIT,Region 6,Community water system,3365,-,Medium,,,,
67,9,3,Hartford,Connecticut,CT0473011,CTWC - NORTHERN REG-WESTERN SYSTEM,Region 1,Community water system,98390,"EAST GRANBY, EAST WINDSOR, ELLINGTON, ENFIELD, MANCHESTER, MANSFIELD, SOUTH WINDSOR, SUFFIELD, TOLLAND, VERNON, WINDSOR LOCKS",Large,,,,
68,26,81,Kent,Michigan,MI0007220,WYOMING,Region 5,Community water system,72125,WYOMING,Large,,,,
69,24,13,Carroll,Maryland,MD0060012,CITY OF TANEYTOWN,Region 3,Community water system,6750,-,Medium,,,,
70,34,25,Monmouth,New Jersey,NJ1340001,RED BANK WATER DEPT,Region 2,Community water system,12520,"FAIR HAVEN BORO-1313, LITTLE SILVER BORO-1323, RED BANK BORO-1340",Large,,,,
71,21,191,Pendleton,Kentucky,KY0960126,FALMOUTH WATER DEPARTMENT,Region 4,Community water system,3861,-,Medium,,,,
72,47,187,Williamson,Tennessee,TN0000511,NOLENSVILLE-COLLEGE GROVE UD,Region 4,Community water system,28919,NOLENSVILLE,Large,,,,
73,39,71,Highland,Ohio,OH3600614,HILLSBORO CITY,Region 5,Community water system,6650,-,Medium,,,,
74,55,63,La Crosse,Wisconsin,WI6320306,HOLMEN WATERWORKS,Region 5,Community water system,10147,HOLMEN,Large,,,,
75,6,61,Placer,California,CA3110003,FORESTHILL PUBLIC UTILITY DIST,Region 9,Community water system,6000,-,Medium,,,,
76,29,23,Butler,Missouri,MO4010656,POPLAR BLUFF PWS,Region 7,Community water system,17266,POPLAR BLUFF,Large,,,,
77,34,3,Bergen,New Jersey,NJ0232001,LYNDHURST WATER DEPARTMENT,Region 2,Community water system,20500,LYNDHURST TWP-0232,Large,,,,
78,39,113,Montgomery,Ohio,OH5701212,MIAMISBURG CITY PWS,Region 5,Community water system,20034,-,Large,,,,
79,49,51,Wasatch,Utah,UTAH26086,JORDANELLE SSD,Region 8,Community water system,6500,-,Medium,,,,
80,40,121,Pittsburg,Oklahoma,OK3006112,ADAMSON RWD #8,Region 6,Community water system,4306,-,Medium,,,,
81,9,11,New London,Connecticut,CT0590011,GROTON UTILITIES,Region 1,Community water system,30200,"GROTON, LEDYARD",Large,,,,
82,53,63,Spokane,Washington,WA5391450,VERA WATER & POWER,Region 10,Community water system,24692,-,Large,,,,
83,55,63,La Crosse,Wisconsin,WI6320306,HOLMEN WATERWORKS,Region 5,Community water system,10147,HOLMEN,Large,,,,
84,17,29,Coles,Illinois,IL0290250,MATTOON,Region 5,Community water system,19000,MATTOON,Large,,,,
85,51,165,Rockingham,Virginia,VA2165525,MASSANUTTEN VILLAGE,Region 3,Community water system,5235,-,Medium,,,,
86,13,9,Baldwin,Georgia,GA0090000,BALDWIN COUNTY,Region 4,Community water system,23067,-,Large,,,,
87,72,27,Camuy Municipio,Puerto Rico,PR0003862,CIENEGA,Region 2,Community water system,4020,CAMUY,Medium,,,,
88,72,19,Barranquitas Municipio,Puerto Rico,PR0004945,LAS BOCAS,Region 2,Community water system,5357,BARRANQUITAS,Medium,,,,
89,16,67,Minidoka,Idaho,ID5340017,RUPERT CITY OF,Region 10,Community water system,5645,-,Medium,,,,
90,29,37,Cass,Missouri,MO1024111,CASS COUNTY PWSD 7,Region 7,Community water system,4307,FREEMAN,Medium,,,,
91,12,101,Pasco,Florida,FL6510424,DADE CITY WATER DEPT,Region 4,Community water system,14373,DADE CITY,Large,,,,
92,53,77,Yakima,Washington,WA5329000,GRANGER WATER DEPARTMENT,Region 10,Community water system,3905,-,Medium,,,,
93,6,67,Sacramento,California,CA3410013,CALAM - LINCOLN OAKS,Region 9,Community water system,94183,-,Large,,,,
94,40,143,Tulsa,Oklahoma,OK3007223,GLENPOOL WATER,Region 6,Community water system,12500,-,Large,,,,
95,42,71,Lancaster,Pennsylvania,PA7360113,EAST COCALICO TOWNSHIP,Region 3,Community water system,6735,-,Medium,,,,
96,36,101,Steuben,New York,NY5001212,MORNINGSIDE HEIGHTS WD / ERWIN (T),Region 2,Community water system,4570,ERWIN (T),Medium,,,,
97,49,35,Salt Lake,Utah,UTAH18010,HOLLIDAY WATER COMPANY,Region 8,Community water system,15000,-,Large,,,,
98,26,147,St. Clair,Michigan,MI0004090,MARINE CITY,Region 5,Community water system,4652,MARINE CITY,Medium,,,,
99,36,83,Rensselaer,New York,NY4100041,HOOSICK FALLS (V) PWS,Region 2,Community water system,4925,HOOSICK FALLS (V),Medium,,,,
100,6,67,Sacramento,California,CA3410031,CALAM - ANTELOPE,Region 9,Community water system,68587,-,Large,,,,
101,51,137,Orange,Virginia,VA6137500,"ORANGE, TOWN OF",Region 3,Community water system,4500,-,Medium,,,,
102,5,23,Cleburne,Arkansas,AR0000579,TUMBLING SHOALS WATER ASSOC,Region 6,Community water system,4890,-,Medium,,,,
103,13,215,Muscogee,Georgia,GA2150000,COLUMBUS,Region 4,Community water system,229000,-,Very Large,,,,
104,4,3,Cochise,Arizona,AZ0402004,ARIZONA WATER CO - SIERRA VISTA,Region 9,Community water system,10002,SIERRA VISTA,Large,,,,
105,42,97,Northumberland,Pennsylvania,PA4490023,PA AMERICAN WHITE DEER,Region 3,Community water system,30209,-,Large,,,,
106,25,17,Middlesex,Massachusetts,MA3274000,SOMERVILLE WATER DEPT. (MWRA),Region 1,Community water system,81322,SOMERVILLE,Large,,,,
107,39,155,Trumbull,Ohio,OH7803203,TRUMBULL CO.-SOUTHEAST PWS,Region 5,Community water system,8850,-,Medium,,,,
108,72,93,Maricao Municipio,Puerto Rico,PR0004234,DUEY,Region 2,Community water system,3388,"MARICAO, YAUCO",Medium,,,,
109,28,153,Wayne,Mississippi,MS0770003,CITY OF WAYNESBORO,Region 4,Community water system,4944,WAYNESBORO,Medium,,,,
110,54,55,Mercer,West Virginia,WV3302804,BLUEWELL PSD,Region 3,Community water system,6216,BLUEWELL,Medium,,,,
111,18,173,Warrick,Indiana,IN5287004,INDIANA AMERICAN WATER - NEWBURGH,Region 5,Community water system,19898,NEWBURGH,Large,,,,
112,18,113,Noble,Indiana,IN5257008,KENDALLVILLE WATER DEPARTMENT,Region 5,Community water system,9905,KENDALLVILLE,Medium,,,,
113,5,131,Sebastian,Arkansas,AR0000512,BARLING WATERWORKS,Region 6,Community water system,4583,-,Medium,,,,
114,27,139,Scott,Minnesota,MN1700007,Prior Lake,Region 5,Community water system,25282,Prior Lake,Large,,,,
115,39,43,Erie,Ohio,OH2201411,SANDUSKY CITY,Region 5,Community water system,25793,-,Large,,,,
116,12,97,Osceola,Florida,FL3494428,ENTERPRISE CDD (CONSECUTIVE),Region 4,Community water system,8166,CELEBRATION,Medium,,,,
117,18,41,Fayette,Indiana,IN5221001,CONNERSVILLE UTILITIES,Region 5,Community water system,15000,CONNERSVILLE,Large,,,,
118,20,103,Leavenworth,Kansas,KS2010312,LANSING CORRECTIONAL FACILITY,Region 7,Community water system,3500,LANSING,Medium,,,,
119,48,203,Harrison,Texas,TX1020002,CITY OF MARSHALL,Region 6,Community water system,23091,-,Large,,,,
120,31,37,Colfax,Nebraska,NE3103701,"SCHUYLER, CITY OF",Region 7,Community water system,6211,SCHUYLER,Medium,,,,
121,12,13,Calhoun,Florida,FL1070685,"BLOUNTSTOWN, CITY OF",Region 4,Community water system,3900,BLOUNTSTOWN,Medium,,,,
122,21,107,Hopkins,Kentucky,KY0540936,MADISONVILLE LIGHT & WATER,Region 4,Community water system,28102,-,Large,,,,
123,47,163,Sullivan,Tennessee,TN0000073,BRISTOL DEPTARTMENT OF UTILITIES,Region 4,Community water system,33199,BRISTOL,Large,,,,
124,25,23,Plymouth,Massachusetts,MA4219000,NORWELL WATER DEPARTMENT,Region 1,Community water system,11258,NORWELL,Large,,,,
125,51,51,Dickenson,Virginia,VA1051737,DCPSA - BIG CANEY,Region 3,Community water system,3749,-,Medium,,,,
126,8,59,Jefferson,Colorado,CO0130105,NORTH TABLE MOUNTAIN WSD,Region 8,Community water system,10000,-,Medium,,,,
127,40,79,Le Flore,Oklahoma,OK3004001,LEFLORE CO. RWD #14,Region 6,Community water system,9077,-,Medium,,,,
128,45,85,Sumter,South Carolina,SC4320001,DALZELL WATER DISTRICT (SC4320001),Region 4,Community water system,3912,DALZELL,Medium,,,,
129,5,31,Craighead,Arkansas,AR0000688,LAWRENCE CO REG WATER DIST,Region 6,Community water system,7469,-,Medium,,,,
130,5,7,Benton,Arkansas,AR0000349,MADISON CO WATER FACILITIES BD,Region 6,Community water system,9688,-,Medium,,,,
131,48,343,Morris,Texas,TX1720001,CITY OF DAINGERFIELD,Region 6,Community water system,4047,-,Medium,,,,
132,47,65,Hamilton,Tennessee,TN0000037,UNION FORK-BAKEWELL UTILITY DISTRICT,Region 4,Community water system,5223,BAKEWELL,Medium,,,,
133,1,47,Dallas,Alabama,AL0000463,DALLAS COUNTY WATER & SEWER AUTHORITY,Region 4,Community water system,4152,SELMA,Medium,,,,
134,1,9,Blount,Alabama,AL0000103,ONEONTA UTILITIES BOARD,Region 4,Community water system,19737,ONEONTA,Large,,,,
135,6,67,Sacramento,California,CA3410008,ELK GROVE WATER SERVICE,Region 9,Community water system,40461,-,Large,,,,
136,53,53,Pierce,Washington,WA5356820,MOUNTAIN VIEW-EDGEWOOD WATER CO,Region 10,Community water system,10400,-,Large,,,,
137,49,11,Davis,Utah,UTAH06020,WEST POINT CITY WATER SYSTEM,Region 8,Community water system,8288,-,Medium,,,,
138,53,33,King,Washington,WA5339800,KING COUNTY WATER DISTRICT #49,Region 10,Community water system,16065,-,Large,,,,
139,27,3,Anoka,Minnesota,MN1020013,Circle Pines,Region 5,Community water system,5023,Circle Pines,Medium,,,,
140,31,127,Nemaha,Nebraska,NE3112703,"AUBURN, CITY OF",Region 7,Community water system,3460,AUBURN,Medium,,,,
141,41,17,Deschutes,Oregon,OR4100693,REDMOND WATER DEPARTMENT,Region 10,Community water system,27427,-,Large,,,,
142,39,27,Clinton,Ohio,OH1400111,BLANCHESTER VILLAGE PWS,Region 5,Community water system,4243,-,Medium,,,,
143,37,27,Caldwell,North Carolina,NC0114030,"GRANITE FALLS, TOWN OF",Region 4,Community water system,6386,GRANITE FALLS,Medium,,,,
144,8,35,Douglas,Colorado,CO0218015,MERIDIAN MD,Region 8,Community water system,20750,-,Large,,,,
145,18,75,Jay,Indiana,IN5238007,PORTLAND MUNICIPAL WATER PLANT,Region 5,Community water system,6209,PORTLAND,Medium,,,,
146,18,93,Lawrence,Indiana,IN5247004,NORTH LAWRENCE WATER AUTHORITY,Region 5,Community water system,13300,BEDFORD,Large,,,,
147,1,127,Walker,Alabama,AL0001326,CORDOVA WATER WORKS & GAS BOARD,Region 4,Community water system,3939,CORDOVA,Medium,,,,
148,55,83,Oconto,Wisconsin,WI4430495,OCONTO WATERWORKS,Region 5,Community water system,4740,OCONTO,Medium,,,,
149,37,179,Union,North Carolina,NC0190413,UNION COUNTY WATER SYSTEM,Region 4,Community water system,134066,MONROE,Very Large,,,,
150,38,35,Grand Forks,North Dakota,ND1801056,AGASSIZ WATER USERS DISTRICT,Region 8,Community water system,3438,-,Medium,,,,
151,25,27,Worcester,Massachusetts,MA2151001,CHERRY VALLEY/ ROCHDALE WATER DISTRICT,Region 1,Community water system,3337,LEICESTER,Medium,,,,
152,22,15,Bossier Parish,Louisiana,LA1015040,CYPRESS BLACK BAYOU WATER SYSTEM,Region 6,Community water system,4989,-,Medium,,,,
153,42,71,Lancaster,Pennsylvania,PA7360143,WEST EARL WATER AUTHORITY,Region 3,Community water system,4327,-,Medium,,,,
154,45,63,Lexington,South Carolina,SC3220003,JOINT MUNICIPAL WSC (3220003),Region 4,Community water system,34317,LEXINGTON,Large,,,,
155,34,0, Somerset,New Jersey,NJ0712001,NJ AMERICAN WATER - SHORT HILLS,Region 2,Community water system,217230,"BEDMINSTER TWP.-1801, BELVIDERE TOWN-2103, BERKELEY HEIGHTS TWP.-2001, BERNARDS TWP.-1802, BERNARDSVILLE BORO-1803, CHATHAM BORO-1404, CHESTER TWP.-1407, FAR HILLS BORO-1807, FLORHAM PARK BORO-1411, FRANKLIN TWP.-2105, FRENCHTOWN BORO-1011, HARDING TWP.-1413, HILLSIDE TWP.-2007, IRVINGTON TOWN-0709, LITTLE FALLS TWP.-1605, LIVINGSTON TWP.-0710, MAPLEWOOD TWP.-0711, MENDHAM BORO-1418, MENDHAM TWP.-1419, MILLBURN TWP.-0712, MOUNT OLIVE TWP.-1427, NEW PROVIDENCE BORO-2011, NORTH CALDWELL BORO-0715, OXFORD TWP.-2117, SOUTH ORANGE VILLAGE-0719, SPRINGFIELD TWP.-2017, SUMMIT CITY-2018, UNION TWP-.2019, WARREN TWP.-1820",Very Large,,,,
156,22,53,Jefferson Davis Parish,Louisiana,LA1053013,JEFF DAVIS WATER DISTRICT 4,Region 6,Community water system,3834,-,Medium,,,,
157,5,149,Yell,Arkansas,AR0000697,NE YELL COUNTY WATER ASSOC,Region 6,Community water system,6125,-,Medium,,,,
158,29,43,Christian,Missouri,MO5010576,NIXA PWS,Region 7,Community water system,21000,NIXA,Large,,,,
159,36,103,Suffolk,New York,NY5103705,RIVERHEAD WD,Region 2,Community water system,35000,RIVERHEAD (T),Large,,,,
160,47,45,Dyer,Tennessee,TN0000518,NORTHWEST DYERSBURG U D,Region 4,Community water system,4158,DYERSBURG,Medium,,,,
161,41,41,Lincoln,Oregon,OR4100566,"NEWPORT, CITY OF",Region 10,Community water system,10160,-,Large,,,,
162,41,39,Lane,Oregon,OR4100246,"CRESWELL, CITY OF",Region 10,Community water system,5075,-,Medium,,,,
163,47,53,Gibson,Tennessee,TN0000813,GIBSON CO MUN WATER DIST #4,Region 4,Community water system,3422,TRENTON,Medium,,,,
164,34,41,Warren,New Jersey,NJ2108001,HACKETTSTOWN MUA,Region 2,Community water system,22000,HACKETTSTOWN TOWN-2108,Large,,,,
165,5,145,White,Arkansas,AR0000185,SW WHITE COUNTY WATER ASSN,Region 6,Community water system,10917,-,Large,,,,
166,37,175,Transylvania,North Carolina,NC0188010,"BREVARD, CITY OF",Region 4,Community water system,10686,BREVARD,Large,,,,
167,39,35,Cuyahoga,Ohio,OH1801003,LAKEWOOD CITY PWS,Region 5,Community water system,52100,-,Large,,,,
168,46,83,Lincoln,South Dakota,SD4600304,LINCOLN COUNTY RURAL WATER SYSTEM,Region 8,Community water system,5788,"HARRISBURG, SIOUX FALLS",Medium,,,,
169,36,71,Orange,New York,NY3503531,HARRIMAN VILLAGE,Region 2,Community water system,5000,HARRIMAN (V),Medium,,,,
170,45,47,Greenwood,South Carolina,SC2410001,GREENWOOD CPW (2410001),Region 4,Community water system,47947,GREENWOOD,Large,,,,
171,8,69,Larimer,Colorado,CO0135291,FT COLLINS CITY OF,Region 8,Community water system,124262,-,Very Large,,,,
172,56,21,Laramie,Wyoming,WY5600011,CHEYENNE BOARD OF PUBLIC UTILITIES,Region 8,Community water system,58182,CHEYENNE,Large,,,,
173,25,17,Middlesex,Massachusetts,MA2002000,ACTON WATER SUPPLY DISTRICT,Region 1,Community water system,20890,ACTON,Large,,,,
174,18,89,Lake,Indiana,IN5245015,INDIANA AMERICAN WATER - NORTHWEST,Region 5,Community water system,173525,"GARY, MERRILLVILLE",Very Large,,,,
175,41,41,Lincoln,Oregon,OR4100798,SEAL ROCK WATER DISTRICT,Region 10,Community water system,5500,-,Medium,,,,
176,40,121,Pittsburg,Oklahoma,OK3006112,ADAMSON RWD #8,Region 6,Community water system,4306,-,Medium,,,,
177,37,31,Carteret,North Carolina,NC0416028,BOGUE BANKS WATER CORPORATION,Region 4,Community water system,4995,EMERALD ISLE,Medium,,,,
178,24,1,Allegany,Maryland,MD0010009,WESTERN REGION ALLEGANY DISTRIB. SYSTEM,Region 3,Community water system,4955,-,Medium,,,,
179,34,27,Morris,New Jersey,NJ1424001,SOUTHEAST MORRIS COUNTY MUA,Region 2,Community water system,62053,"CHATHAM BORO-1404, HANOVER TWP.-1412, HARDING TWP.-1413, MENDHAM TWP.-1419, MORRIS PLAINS BORO-1423, MORRIS TWP.-1422, MORRISTOWN TOWN-1424",Large,,,,
180,5,0, Greene,Arkansas,AR0000722,CLAY CO REG WATER DISTRICT,Region 6,Community water system,5515,-,Medium,,,,
181,17,143,Peoria,Illinois,IL1430200,CHILLICOTHE,Region 5,Community water system,5996,CHILLICOTHE,Medium,,,,
182,24,1,Allegany,Maryland,MD0010005,EASTERN REGION ALLEGANY DISTRIB. SYSTEM,Region 3,Community water system,5703,-,Medium,,,,
183,6,79,San Luis Obispo,California,CA4010002,ATASCADERO MUTUAL WATER CO,Region 9,Community water system,31787,-,Large,,,,
184,51,137,Orange,Virginia,VA6137999,WILDERNESS WTP,Region 3,Community water system,12124,-,Large,,,,
185,18,173,Warrick,Indiana,IN5287001,VEOLIA WATER OF BOONVILLE,Region 5,Community water system,10260,BOONVILLE,Large,,,,
186,19,167,Sioux,Iowa,IA8486053,SIOUX CENTER MUNICIPAL WATER DEPARTMENT,Region 7,Community water system,7050,SIOUX CENTER,Medium,,,,
187,29,71,Franklin,Missouri,MO6024211,FRANKLIN COUNTY PWSD 1,Region 7,Community water system,3500,WASHINGTON,Medium,,,,
188,12,69,Lake,Florida,FL3350346,"EUSTIS, CITY OF (4 WPS)",Region 4,Community water system,35089,EUSTIS,Large,,,,
189,6,83,Santa Barbara,California,CA4210020,SANTA YNEZ RIVER WATER CONS. DIST. ID#1,Region 9,Community water system,6737,-,Medium,,,,
190,5,0, Faulkner,Arkansas,AR0000101,COMMUNITY WATER SYSTEM,Region 6,Community water system,17038,-,Large,,,,
191,6,63,Plumas,California,CA3210006,LAKE ALMANOR COUNTRY CLUB MWC,Region 9,Community water system,6000,-,Medium,,,,
192,48,121,Denton,Texas,TX0610080,CITY OF HIGHLAND VILLAGE,Region 6,Community water system,15650,-,Large,,,,
193,36,33,Franklin,New York,NY1600012,TUPPER LAKE V,Region 2,Community water system,5500,TUPPER LAKE (V),Medium,,,,
194,48,325,Medina,Texas,TX1630010,EAST MEDINA COUNTY SUD UNIT 1,Region 6,Community water system,5133,-,Medium,,,,
195,54,69,Ohio,West Virginia,WV3303516,WHEELING WATER,Region 3,Community water system,29899,WHEELING,Large,,,,
196,28,121,Rankin,Mississippi,MS0610013,LEESBURG WATER ASSOCIATION,Region 4,Community water system,4170,-,Medium,,,,
197,36,59,Nassau,New York,NY2902822,FRANKLIN SQUARE WD,Region 2,Community water system,20000,"HEMPSTEAD (T), STEWART MANOR (V)",Large,,,,
198,34,0, Somerset,New Jersey,NJ0712001,NJ AMERICAN WATER - SHORT HILLS,Region 2,Community water system,217230,"BEDMINSTER TWP.-1801, BELVIDERE TOWN-2103, BERKELEY HEIGHTS TWP.-2001, BERNARDS TWP.-1802, BERNARDSVILLE BORO-1803, CHATHAM BORO-1404, CHESTER TWP.-1407, FAR HILLS BORO-1807, FLORHAM PARK BORO-1411, FRANKLIN TWP.-2105, FRENCHTOWN BORO-1011, HARDING TWP.-1413, HILLSIDE TWP.-2007, IRVINGTON TOWN-0709, LITTLE FALLS TWP.-1605, LIVINGSTON TWP.-0710, MAPLEWOOD TWP.-0711, MENDHAM BORO-1418, MENDHAM TWP.-1419, MILLBURN TWP.-0712, MOUNT OLIVE TWP.-1427, NEW PROVIDENCE BORO-2011, NORTH CALDWELL BORO-0715, OXFORD TWP.-2117, SOUTH ORANGE VILLAGE-0719, SPRINGFIELD TWP.-2017, SUMMIT CITY-2018, UNION TWP-.2019, WARREN TWP.-1820",Very Large,,,,
199,37,51,Cumberland,North Carolina,NC5026027,EASTOVER SANITARY DISTRICT,Region 4,Community water system,6705,EASTOVER,Medium,,,,
200,17,97,Lake,Illinois,IL0970840,LAKE VILLA,Region 5,Community water system,8829,LAKE VILLA,Medium,,,,
201,12,117,Seminole,Florida,FL3594107,SEMINOLE COUNTY NORTHWEST,Region 4,Community water system,31986,SANFORD,Large,,,,
202,36,119,Westchester,New York,NY5903425,CROTON-ON-HUDSON VILLAGE,Region 2,Community water system,8000,CROTON-ON-HUDSON (V),Medium,,,,
203,48,209,Hays,Texas,TX1050002,CITY OF KYLE,Region 6,Community water system,29118,-,Large,,,,
204,48,157,Fort Bend,Texas,TX0790324,CINCO MUD 8,Region 6,Community water system,4632,-,Medium,,,,
205,16,83,Twin Falls,Idaho,ID5420058,TWIN FALLS CITY OF,Region 10,Community water system,48260,-,Large,,,,
206,53,71,Walla Walla,Washington,WA5300710,Snake River Housing Water System,Region 10,Community water system,3936,-,Medium,,,,
207,17,163,St. Clair,Illinois,IL1630850,MILLSTADT,Region 5,Community water system,4380,MILLSTADT,Medium,,,,
208,12,99,Palm Beach,Florida,FL4501559,WEST PALM BEACH WTP,Region 4,Community water system,102000,WEST PALM BEACH,Very Large,,,,
209,6,17,El Dorado,California,CA0910013,GEORGETOWN DIVIDE PUD,Region 9,Community water system,9053,-,Medium,,,,
210,13,51,Chatham,Georgia,GA0510229,SAVANNAH-WILMINGTON ISLAND,Region 4,Community water system,13526,-,Large,,,,
211,53,63,Spokane,Washington,WA5393353,SPO CO WATER DIST 3 SYS 3,Region 10,Community water system,3658,-,Medium,,,,
212,51,31,Campbell,Virginia,VA5031150,CAMPBELL COUNTY CENTRAL SYSTEM,Region 3,Community water system,21761,-,Large,,,,
213,25,17,Middlesex,Massachusetts,MA3344000,WINCHESTER WATER DEPT,Region 1,Community water system,22800,WINCHESTER,Large,,,,
214,19,59,Dickinson,Iowa,IA3070078,SPIRIT LAKE WATERWORKS,Region 7,Community water system,5578,SPIRIT LAKE,Medium,,,,
215,34,11,Cumberland,New Jersey,NJ0610001,MILLVILLE WATER DEPARTMENT,Region 2,Community water system,27500,MILLVILLE CITY-0610,Large,,,,
216,55,17,Chippewa,Wisconsin,WI6090462,STANLEY WATERWORKS,Region 5,Community water system,3500,STANLEY,Medium,,,,
217,47,163,Sullivan,Tennessee,TN0000349,KINGSPORT WATER DEPT,Region 4,Community water system,103427,KINGSPORT,Very Large,,,,
218,26,163,Wayne,Michigan,MI0001740,DEARBORN HEIGHTS,Region 5,Community water system,57774,DEARBORN HEIGHTS,Large,,,,
219,13,185,Lowndes,Georgia,GA1850016,LOWNDES CO.-NORTH LOWNDES CO. WS,Region 4,Community water system,7194,LAKE PARK,Medium,,,,
220,42,83,McKean,Pennsylvania,PA6420019,PA AMERICAN WATER CO KANE,Region 3,Community water system,5725,-,Medium,,,,
221,36,71,Orange,New York,NY3503554,PORT JERVIS CITY,Region 2,Community water system,9000,PORT JERVIS (C),Medium,,,,
222,6,79,San Luis Obispo,California,CA4010832,ATASCADERO STATE HOSPITAL,Region 9,Community water system,4128,-,Medium,,,,
223,29,83,Henry,Missouri,MO1010177,HENRY COUNTY WATER COMPANY,Region 7,Community water system,9014,CLINTON,Medium,,,,
224,26,65,Ingham,Michigan,MI0003760,LANSING BOARD OF WATER & LIGHT,Region 5,Community water system,166000,LANSING,Very Large,,,,
225,20,103,Leavenworth,Kansas,KS2010313,LAN DEL WATER DISTRICT,Region 7,Community water system,7302,LANSING,Medium,,,,
226,36,55,Monroe,New York,NY2704518,ROCHESTER CITY,Region 2,Community water system,214000,ROCHESTER (C),Very Large,,,,
227,28,47,Harrison,Mississippi,MS0240084,CITY OF BILOXI-NORTH,Region 4,Community water system,9606,BILOXI,Medium,,,,
228,41,59,Umatilla,Oregon,OR4100914,"UMATILLA, CITY OF",Region 10,Community water system,6980,-,Medium,,,,
229,72,19,Barranquitas Municipio,Puerto Rico,PR0004945,LAS BOCAS,Region 2,Community water system,5357,BARRANQUITAS,Medium,,,,
230,19,67,Floyd,Iowa,IA3405012,CHARLES CITY WATER SUPPLY,Region 7,Community water system,7702,CHARLES CITY,Medium,,,,
231,72,129,San Lorenzo Municipio,Puerto Rico,PR0005416,JAGUAL,Region 2,Community water system,3870,"JAGUAL, SAN LORENZO",Medium,,,,
232,28,49,Hinds,Mississippi,MS0250021,REEDTOWN WATER ASSN,Region 4,Community water system,5040,-,Medium,,,,
233,45,67,Marion,South Carolina,SC3320001,MARCO RURAL WATER CO (SC3320001),Region 4,Community water system,15082,MARION,Large,,,,
234,48,367,Parker,Texas,TX1840079,PARKER COUNTY SUD SURFACE,Region 6,Community water system,4113,-,Medium,,,,
235,55,87,Outagamie,Wisconsin,WI4450409,COMBINED LOCKS WATERWORKS,Region 5,Community water system,3477,COMBINED LOCKS,Medium,,,,
236,53,53,Pierce,Washington,WA5385050,SUMMIT WATER & SUPPLY CO,Region 10,Community water system,16000,-,Large,,,,
237,29,99,Jefferson,Missouri,MO6024300,JEFFERSON CO PWSD  8,Region 7,Community water system,4733,CEDAR HILL,Medium,,,,
238,13,39,Camden,Georgia,GA0390001,ST. MARYS,Region 4,Community water system,17270,-,Large,,,,
239,39,39,Defiance,Ohio,OH2000212,HICKSVILLE VILLAGE,Region 5,Community water system,3581,-,Medium,,,,
240,16,47,Gooding,Idaho,ID5240009,GOODING CITY OF,Region 10,Community water system,3567,-,Medium,,,,
241,5,23,Cleburne,Arkansas,AR0000735,WEST STONE COUNTY WATER ASSN,Region 6,Community water system,4634,-,Medium,,,,
242,54,49,Marion,West Virginia,WV3302502,FAIRMONT CITY OF,Region 3,Community water system,29864,FAIRMONT,Large,,,,
243,51,171,Shenandoah,Virginia,VA2171850,"WOODSTOCK, TOWN OF",Region 3,Community water system,5070,-,Medium,,,,
244,29,71,Franklin,Missouri,MO6024211,FRANKLIN COUNTY PWSD 1,Region 7,Community water system,3500,WASHINGTON,Medium,,,,
245,5,45,Faulkner,Arkansas,AR0000844,BEAVERFORK VOLUNTEER FD WSD,Region 6,Community water system,3458,-,Medium,,,,
246,31,153,Sarpy,Nebraska,NE3115303,"GRETNA, CITY OF",Region 7,Community water system,10852,GRETNA,Large,,,,
247,34,29,Ocean,New Jersey,NJ1525001,POINT PLEASANT BEACH WATER DEPARTMENT,Region 2,Community water system,12000,POINT P. BEACH BORO-1525,Large,,,,
248,12,105,Polk,Florida,FL6535055,UIF - CYPRESS LAKES,Region 4,Community water system,3418,LAKELAND,Medium,,,,
249,17,197,Will,Illinois,IL1970450,JOLIET,Region 5,Community water system,148693,JOLIET,Very Large,,,,
250,19,127,Marshall,Iowa,IA6469042,MARSHALLTOWN WATER WORKS,Region 7,Community water system,27680,MARSHALLTOWN,Large,,,,
251,10,5,Sussex,Delaware,DE0000557,SUSSEX SHORES WATER COMPANY,Region 3,Community water system,12450,BETHANY BEACH,Large,,,,
252,53,33,King,Washington,WA5375560,SALLAL WATER ASSOCIATION INC,Region 10,Community water system,6056,-,Medium,,,,
253,25,27,Worcester,Massachusetts,MA2316000,WEBSTER WATER DEPARTMENT,Region 1,Community water system,16767,WEBSTER,Large,,,,
254,45,77,Pickens,South Carolina,SC3910003,LIBERTY CITY OF (SC3910003),Region 4,Community water system,3338,LIBERTY,Medium,,,,
255,12,83,Marion,Florida,FL6421144,MARION OAKS SUBDIVISION (5 WTPS),Region 4,Community water system,19401,OCALA,Large,,,,
256,51,143,Pittsylvania,Virginia,VA5143396,MOUNT HERMON - (PCSA),Region 3,Community water system,4565,-,Medium,,,,
257,2,170,Matanuska-Susitna Borough,Alaska,AK2224646,WASILLA WATER SYSTEM,Region 10,Community water system,18412,WASILLA,Large,,,,
258,42,17,Bucks,Pennsylvania,PA1090128,DTMA MAIN SYSTEM,Region 3,Community water system,8655,-,Medium,,,,
259,6,61,Placer,California,CA3110026,NEVADA ID - NORTH AUBURN,Region 9,Community water system,6640,-,Medium,,,,
260,21,235,Whitley,Kentucky,KY1180468,WHITLEY CO WATER DISTRICT,Region 4,Community water system,9825,-,Medium,,,,
261,36,53,Madison,New York,NY2602371,CAZENOVIA VILLAGE,Region 2,Community water system,3635,CAZENOVIA (V),Medium,,,,
262,25,9,Essex,Massachusetts,MA3254000,ROWLEY WATER DEPARTMENT,Region 1,Community water system,6325,ROWLEY,Medium,,,,
263,36,117,Wayne,New York,NY5821130,ARCADIA-LYONS CSA,Region 2,Community water system,5760,LYONS (T),Medium,,,,
264,26,125,Oakland,Michigan,MI0005440,PONTIAC,Region 5,Community water system,63398,PONTIAC,Large,,,,
265,36,121,Wyoming,New York,NY6000618,WARSAW VILLAGE,Region 2,Community water system,3850,"WARSAW (T), WARSAW (V)",Medium,,,,
266,53,33,King,Washington,WA5340900,SAMMAMISH PLATEAU WATER & SEWER,Region 10,Community water system,65543,-,Large,,,,
267,56,29,Park,Wyoming,WY5600042,"POWELL, CITY OF",Region 8,Community water system,6700,POWELL,Medium,,,,
268,17,119,Madison,Illinois,IL1195110,HOLIDAY SHORES SD,Region 5,Community water system,3387,-,Medium,,,,
269,19,169,Story,Iowa,IA8584000,STORY CITY WATER DEPT,Region 7,Community water system,3431,STORY CITY,Medium,,,,
270,32,19,Lyon,Nevada,NV0000255,YERINGTON CITY OF,Region 9,Community water system,5050,-,Medium,,,,
271,40,21,Cherokee,Oklahoma,OK1221637,CHEROKEE CO. RWD #11,Region 6,Community water system,3395,-,Medium,,,,
272,12,83,Marion,Florida,FL6424630,OAK RUN ESTATES (6 WTPS),Region 4,Community water system,11788,OCALA,Large,,,,
273,25,17,Middlesex,Massachusetts,MA3342000,WILMINGTON WATER DEPT,Region 1,Community water system,22325,WILMINGTON,Large,,,,
274,1,47,Dallas,Alabama,AL0000482,NORTH DALLAS WATER AUTHORITY,Region 4,Community water system,8838,SELMA,Medium,,,,
275,12,117,Seminole,Florida,FL3590205,"SANFORD, CITY OF (2 WPS)",Region 4,Community water system,65216,SANFORD,Large,,,,
276,13,151,Henry,Georgia,GA1510000,HAMPTON,Region 4,Community water system,7305,HAMPTON,Medium,,,,
277,51,95,James City,Virginia,VA3095490,JCSA - CENTRAL SYSTEM,Region 3,Community water system,51137,-,Large,,,,
278,22,73,Ouachita Parish,Louisiana,LA1073046,SOUTH MONROE WS GOWC,Region 6,Community water system,7577,-,Medium,,,,
279,1,123,Tallapoosa,Alabama,AL0001265,ALEXANDER CITY WATER DEPARTMENT,Region 4,Community water system,29565,ALEXANDER CITY,Large,,,,
280,12,3,Baker,Florida,FL2020204,MACCLENNY WTP,Region 4,Community water system,6391,MACCLENNY,Medium,,,,
281,48,139,Ellis,Texas,TX0700031,CITY OF RED OAK,Region 6,Community water system,10934,-,Large,,,,
282,36,19,Clinton,New York,NY0904192,CLINTON CORRECTIONAL FACILITY,Region 2,Community water system,4900,DANNEMORA (V),Medium,,,,
283,38,17,Cass,North Dakota,ND0901483,CASS RURAL WATER DISTRICT FARGO,Region 8,Community water system,4242,-,Medium,,,,
284,55,79,Milwaukee,Wisconsin,WI2410556,BROWN DEER WATERWORKS,Region 5,Community water system,12741,BROWN DEER,Large,,,,
285,13,137,Habersham,Georgia,GA1370002,CLARKESVILLE,Region 4,Community water system,5785,CLARKESVILLE,Medium,,,,
286,48,5,Angelina,Texas,TX0030016,ANGELINA WSC,Region 6,Community water system,3470,-,Medium,,,,
287,22,23,Cameron Parish,Louisiana,LA1023011,CAMERON PARISH WW DISTRICT 11-SWEET LAKE,Region 6,Community water system,3696,-,Medium,,,,
288,28,89,Madison,Mississippi,MS0450007,EAST MADISON WATER ASSN-WEST,Region 4,Community water system,7265,-,Medium,,,,
289,25,27,Worcester,Massachusetts,MA2153000,LEOMINSTER WATER DIVISION,Region 1,Community water system,40490,LEOMINSTER,Large,,,,
290,6,107,Tulare,California,CA5410016,CWS - VISALIA,Region 9,Community water system,139924,-,Very Large,,,,
291,41,19,Douglas,Oregon,OR4100957,WINSTON-DILLARD WATER DISTRICT,Region 10,Community water system,8060,-,Medium,,,,
292,54,107,Wood,West Virginia,WV3305411,VIENNA,Region 3,Community water system,12507,VIENNA,Large,,,,
293,13,241,Rabun,Georgia,GA2410118,RABUN COUNTY WATER & SEWER AUTHORITY,Region 4,Community water system,4587,CLAYTON,Medium,,,,
294,18,107,Montgomery,Indiana,IN5254005,INDIANA AMERICAN WATER - CRAWFORDSVILLE,Region 5,Community water system,14855,CRAWFORDSVILLE,Large,,,,
295,21,61,Edmonson,Kentucky,KY0310114,EDMONSON CO WATER DISTRICT,Region 4,Community water system,29872,-,Large,,,,
296,6,47,Merced,California,CA2410005,CITY OF LOS BANOS,Region 9,Community water system,40998,LOS BANOS,Large,,,,
297,45,91,York,South Carolina,SC4610002,ROCK HILL CITY OF (SC4610002),Region 4,Community water system,74377,ROCK HILL,Large,,,,
298,39,61,Hamilton,Ohio,OH3102212,WYOMING CITY PWS,Region 5,Community water system,9700,-,Medium,,,,
299,36,109,Tompkins,New York,NY5404416,ITHACA CITY,Region 2,Community water system,29457,ITHACA (C),Large,,,,
300,21,225,Union,Kentucky,KY1130422,STURGIS WATER WORKS,Region 4,Community water system,3490,-,Medium,,,,
