ID,State Code,County Code,Name,State Name,PWS ID,PWS Name,EPA Region,PWS Type,Population Served Count,Cities Served,Size,Oversample,URL of CCR,Most recent year?,Translation available?
1,1,33,Colbert,Alabama,AL0000316,HAWK PRIDE MT WATER SYSTEM,Region 4,Community water system,4035,TUSCUMBIA,Medium,0,N/A,N/A,N/A
2,1,47,Dallas,Alabama,AL0000463,DALLAS COUNTY WATER & SEWER AUTHORITY,Region 4,Community water system,4152,SELMA,Medium,0,N/A,N/A,N/A
4,1,127,Walker,Alabama,AL0001326,CORDOVA WATER WORKS & GAS BOARD,Region 4,Community water system,3939,CORDOVA,Medium,0,N/A,N/A,N/A
37,6,79,San Luis Obispo,California,CA4010832,ATASCADERO STATE HOSPITAL,Region 9,Community water system,4128,-,Medium,0,N/A,N/A,N/A
3,1,9,Blount,Alabama,AL0000103,ONEONTA UTILITIES BOARD,Region 4,Community water system,19737,ONEONTA,Large,0,https://oneontautilities.com/2019_oneonta_ccr.html,2020,No
5,1,47,Dallas,Alabama,AL0000482,NORTH DALLAS WATER AUTHORITY,Region 4,Community water system,8838,SELMA,Medium,0,https://northdallaswater.net/documents/1185/North_Dallas_Co_2020_CCR.pdf,2020,No
6,1,123,Tallapoosa,Alabama,AL0001265,ALEXANDER CITY WATER DEPARTMENT,Region 4,Community water system,29565,ALEXANDER CITY,Large,0,https://alexandercityal.gov/sites/default/files/fileattachments/utilities/page/8241/alexander_city_2019_annual_water_quality_report.pdf,2019,No
7,2,170,Matanuska-Susitna Borough,Alaska,AK2224646,WASILLA WATER SYSTEM,Region 10,Community water system,18412,WASILLA,Large,0,https://www.cityofwasilla.com/home/showdocument?id=23060,2020,No
8,4,13,Maricopa,Arizona,AZ0407056,EPCOR WATER - PARADISE VALLEY/SCOTTSDALE,Region 9,Community water system,12000,PARADISE VALLEY,Large,1,https://www.epcor.com/products-services/water/water-quality/water-quality-reports-usa/wqreports/wq-paradise-valley-2019.pdf,2020,Yes
9,4,13,Maricopa,Arizona,AZ0407070,SUNRISE WATER COMPANY,Region 9,Community water system,4765,PEORIA,Medium,1,https://jdcwater.com/documents/563/Sunrise_Water_Quality_Report_2019.pdf,2020,No
21,6,111,Ventura,California,CA5610008,PLEASANT VALLEY MUTUAL WATER CO,Region 9,Community water system,5000,-,Medium,1,https://www.pvmwc.com/reports,2019,No
22,6,73,San Diego,California,CA3710015,"POWAY, CITY OF",Region 9,Community water system,49990,POWAY,Large,1,https://poway.org/DocumentCenter/View/6430/2018-Poway-Annual-Water-Quality-Report,2019,No
23,6,37,Los Angeles,California,CA1910030,GSWC - CULVER CITY,Region 9,Community water system,36192,SANTA FE SPRINGS,Large,1,https://www.gswater.com/sites/main/files/file-attachments/water-quality-2019-culver-city.pdf?1591302565,2020,Yes
24,6,37,Los Angeles,California,CA1910194,ROWLAND WATER DISTRICT,Region 9,Community water system,55038,-,Large,1,https://www.rowlandwater.com/wp-content/uploads/2020/06/RWD_CCR_20_FINAL_WEB.pdf,2020,No
25,6,37,Los Angeles,California,CA1910017,SANTA CLARITA VALLEY W.A.-SANTA CLARITA,Region 9,Community water system,127992,-,Very Large,1,https://yourscvwater.com/wp-content/uploads/2020/05/2020-SCV-Water-Quality-Report.pdf,2020,No
47,12,86,Miami-Dade,Florida,FL4134365,HIALEAH GARDENS,Region 4,Community water system,24156,HIALEAH GARDENS,Large,1,https://www.cityofhialeahgardens.com/Home/ShowDocument?id=1544,2020,Yes
230,48,453,Travis,Texas,TX2270001,CITY OF AUSTIN WATER & WASTEWATER,Region 6,Community water system,981783,-,Very Large,1,https://www.austintexas.gov/sites/default/files/files/Water/WaterQualityReports/AW_WaterQuality_Report_Austin_2019_FINAL.pdf,2020,Yes
231,48,453,Travis,Texas,TX2270012,LAKEWAY MUD,Region 6,Community water system,10512,-,Large,1,https://179349-522195-raikfcquaxqncofqfm.stackpathdns.com/wp-content/uploads/LMUD-CCR2019.pdf,2020,Yes
232,48,439,Tarrant,Texas,TX2200060,CITY OF LAKE WORTH,Region 6,Community water system,4780,-,Medium,1,https://lakeworthbeachfl.gov/download/2019-annual-drinking-water-quality-report/,2020,Yes
10,4,3,Cochise,Arizona,AZ0402004,ARIZONA WATER CO - SIERRA VISTA,Region 9,Community water system,10002,SIERRA VISTA,Large,0,https://www.azwater.com/files/water-quality/ccr-sierra-vista-2019.pdf,2020,No
11,5,23,Cleburne,Arkansas,AR0000579,TUMBLING SHOALS WATER ASSOC,Region 6,Community water system,4890,-,Medium,0,https://tsws.myruralwater.com/documents/1048/CCF06022020.pdf,2020,No
12,5,131,Sebastian,Arkansas,AR0000512,BARLING WATERWORKS,Region 6,Community water system,4583,-,Medium,0,https://www.ark.org/health/eng/ccr/512.pdf,2020,No
13,5,31,Craighead,Arkansas,AR0000688,LAWRENCE CO REG WATER DIST,Region 6,Community water system,7469,-,Medium,0,https://lawrencecountyregionalwater.myruralwater.com/documents/481/2019_Annual_Drinking_Water_Quality_Report.pdf,2020,No
14,5,7,Benton,Arkansas,AR0000349,MADISON CO WATER FACILITIES BD,Region 6,Community water system,9688,-,Medium,0,https://www.mcwfb.com/documents/925/CCR19_Madison_Co_WFB_349.pdf,2020,No
15,5,149,Yell,Arkansas,AR0000697,NE YELL COUNTY WATER ASSOC,Region 6,Community water system,6125,-,Medium,0,https://neycw.myruralwater.com/documents/470/697.pdf,2020,No
16,5,145,White,Arkansas,AR0000185,SW WHITE COUNTY WATER ASSN,Region 6,Community water system,10917,-,Large,0,https://www.ark.org/health/eng/ccr/185.pdf,2020,No
17,5,0,Greene,Arkansas,AR0000722,CLAY CO REG WATER DISTRICT,Region 6,Community water system,5515,-,Medium,0,https://www.ark.org/health/eng/ccr/722.pdf,2020,No
18,5,0,Faulkner,Arkansas,AR0000101,COMMUNITY WATER SYSTEM,Region 6,Community water system,17038,-,Large,0,https://www.ark.org/health/eng/ccr/101.pdf,2020,No
19,5,23,Cleburne,Arkansas,AR0000735,WEST STONE COUNTY WATER ASSN,Region 6,Community water system,4634,-,Medium,0,https://www.ark.org/health/eng/ccr/735.pdf,2020,No
20,5,45,Faulkner,Arkansas,AR0000844,BEAVERFORK VOLUNTEER FD WSD,Region 6,Community water system,3458,-,Medium,0,https://www.ark.org/health/eng/ccr/844.pdf,2020,No
26,6,29,Kern,California,CA1510020,"TEHACHAPI, CITY OF",Region 9,Community water system,8839,TEHACHAPI,Medium,1,https://www.liveuptehachapi.com/DocumentCenter/View/5558/2019-Water-Quality-Report?bidId=,2020,No
27,6,19,Fresno,California,CA1010021,"MENDOTA, CITY OF",Region 9,Community water system,11104,MENDOTA,Large,1,http://ci.mendota.ca.us/wp-content/uploads/2014/06/2018-Mendota-Water-Consumer-Confidence-Report.pdf,2019,Yes
28,6,1,Alameda,California,CA0110006,CITY OF HAYWARD,Region 9,Community water system,151600,HAYWARD,Very Large,1,https://www.hayward-ca.gov/sites/default/files/2019%20CCR%20%28Water%20Quality%20Report%29%20-%20Final%20Cover.pdf,2020,No
29,6,61,Placer,California,CA3110003,FORESTHILL PUBLIC UTILITY DIST,Region 9,Community water system,6000,-,Medium,0,https://www.foresthillpud.com/pdf_files/Annual-Water-Quality-Reports/CCR-2019-FPUD.PDF,2020,Yes
30,6,67,Sacramento,California,CA3410013,CALAM - LINCOLN OAKS,Region 9,Community water system,94183,-,Large,0,https://www.amwater.com/ccr/lincolnoaks.pdf,2020,Yes
31,6,67,Sacramento,California,CA3410031,CALAM - ANTELOPE,Region 9,Community water system,68587,-,Large,0,https://www.amwater.com/ccr/antelope.pdf,2020,Yes
32,6,67,Sacramento,California,CA3410008,ELK GROVE WATER SERVICE,Region 9,Community water system,40461,-,Large,0,https://www.egwd.org/wp-content/uploads/FINAL-Elk-Grove-Water-District-6.5.19.pdf,2019,No
33,6,79,San Luis Obispo,California,CA4010002,ATASCADERO MUTUAL WATER CO,Region 9,Community water system,31787,-,Large,0,https://web.amwc.us/resources/CCR.pdf,2020,No
34,6,83,Santa Barbara,California,CA4210020,SANTA YNEZ RIVER WATER CONS. DIST. ID#1,Region 9,Community water system,6737,-,Medium,0,https://s3.amazonaws.com/siteninja/multitenant/assets/30524/files/original/ID1_2019_Annual_WQ_Report_Final.pdf,2020,No
35,6,63,Plumas,California,CA3210006,LAKE ALMANOR COUNTRY CLUB MWC,Region 9,Community water system,6000,-,Medium,0,http://www.laccmutualwater.org/uploads/9/6/4/8/9648300/2019_water_quality_report.pdf,2020,Yes
36,6,17,El Dorado,California,CA0910013,GEORGETOWN DIVIDE PUD,Region 9,Community water system,9053,-,Medium,0,https://www.gd-pud.org/files/5c86aa1e3/2019+CCR+-+GDPUD_Final.pdf,2019,Yes
38,6,61,Placer,California,CA3110026,NEVADA ID - NORTH AUBURN,Region 9,Community water system,6640,-,Medium,0,https://nidwater.com/wp-content/uploads/2020/06/NID-WQR-2019.pdf,2020,No
39,6,107,Tulare,California,CA5410016,CWS - VISALIA,Region 9,Community water system,139924,-,Very Large,0,https://www.calwater.com/docs/ccr/2019/vis-vis-2019.pdf,2020,No
40,6,47,Merced,California,CA2410005,CITY OF LOS BANOS,Region 9,Community water system,40998,LOS BANOS,Large,0,http://www.losbanos.org/wp-content/uploads/2020/06/2410005-CityofLosBanos-2019-CCR.pdf,2020,Yes
41,8,59,Jefferson,Colorado,CO0130105,NORTH TABLE MOUNTAIN WSD,Region 8,Community water system,10000,-,Medium,0,https://www.ntmwater.org/wp-ntm-content/uploads/2020/05/CCR_2020.pdf,2020,No
42,8,41,El Paso,Colorado,CO0121455,MERIDIAN SERVICE MD,Region 8,Community water system,7807,-,Large,0,https://www.meridianranchmetro.org/documents/waterQualityReports/2020ConsumerConfidenceReport.pdf,2020,Yes
43,8,69,Larimer,Colorado,CO0135291,FT COLLINS CITY OF,Region 8,Community water system,124262,-,Very Large,0,https://www.fcgov.com/utilities/img/site_specific/uploads/20-22248-2019-water-quality-report-final.pdf?1592426353,2020,Yes
44,9,3,Hartford,Connecticut,CT0473011,CTWC - NORTHERN REG-WESTERN SYSTEM,Region 1,Community water system,98390,"EAST GRANBY, EAST WINDSOR, ELLINGTON, ENFIELD, MANCHESTER, MANSFIELD, SOUTH WINDSOR, SUFFIELD, TOLLAND, VERNON, WINDSOR LOCKS",Large,0,https://www.ctwater.com/media/2371/northern-western2019.pdf,2020,No
45,9,11,New London,Connecticut,CT0590011,GROTON UTILITIES,Region 1,Community water system,30200,"GROTON, LEDYARD",Large,0,https://grotonutilities.com/download/water/water_quality_reports/2019.pdf,2020,No
46,10,5,Sussex,Delaware,DE0000557,SUSSEX SHORES WATER COMPANY,Region 3,Community water system,12450,BETHANY BEACH,Large,0,https://www.sussexshoreswater.com/media/CCR%202020.pdf,2020,No
48,12,11,Broward,Florida,FL4060573,"HALLANDALE BEACH, CITY OF",Region 4,Community water system,40000,HALLANDALE BEACH,Large,1,https://hallandalebeachfl.gov/DocumentCenter/View/20424/2019-Water-Quality-Report,2020,Yes
49,12,119,Sumter,Florida,FL6604862,LITTLE SUMTER UTILITIES 3WPS,Region 4,Community water system,25382,THE VILLAGES,Large,0,https://www.districtgov.org/departments/utilities/LSSA-2019-Water-Quality-Report.pdf,2020,No
50,12,101,Pasco,Florida,FL6510424,DADE CITY WATER DEPT,Region 4,Community water system,14373,DADE CITY,Large,0,https://www.dadecityfl.com/2019%20Dade%20City%20CCR.docx,2020,Yes
51,12,97,Osceola,Florida,FL3494428,ENTERPRISE CDD (CONSECUTIVE),Region 4,Community water system,8166,CELEBRATION,Medium,0,http://www.enterprisecdd.org/wp-content/uploads/2010/09/2019-water-quality-report.pdf,2020,No
52,12,13,Calhoun,Florida,FL1070685,"BLOUNTSTOWN, CITY OF",Region 4,Community water system,3900,BLOUNTSTOWN,Medium,0,N/A,N/A,N/A
53,12,69,Lake,Florida,FL3350346,"EUSTIS, CITY OF (4 WPS)",Region 4,Community water system,35089,EUSTIS,Large,0,http://cms5.revize.com/revize/eustisfl/Eustis_FL_CCR-2019_WEB.pdf,2020,No
54,12,117,Seminole,Florida,FL3594107,SEMINOLE COUNTY NORTHWEST,Region 4,Community water system,31986,SANFORD,Large,0,http://www.seminolecountyfl.gov/core/fileparse.php/3234/urlt/Water-Quality-Report-for-2019-ADA.pdf,2020,No
55,12,99,Palm Beach,Florida,FL4501559,WEST PALM BEACH WTP,Region 4,Community water system,102000,WEST PALM BEACH,Very Large,0,https://www.wpb.org/home/showdocument?id=2296,2020,Yes
56,12,105,Polk,Florida,FL6535055,UIF - CYPRESS LAKES,Region 4,Community water system,3418,LAKELAND,Medium,0,https://www.myutility.us/docs/default-source/florida/2019/cypress-lakes-19ccr-095.pdf?sfvrsn=4,2020,No
57,12,83,Marion,Florida,FL6421144,MARION OAKS SUBDIVISION (5 WTPS),Region 4,Community water system,19401,OCALA,Large,0,https://www.marioncountyfl.org/home/showdocument?id=18782,2019,No
58,12,83,Marion,Florida,FL6424630,OAK RUN ESTATES (6 WTPS),Region 4,Community water system,11788,OCALA,Large,0,https://www.marioncountyfl.org/home/showdocument?id=18784,2019,No
59,12,117,Seminole,Florida,FL3590205,"SANFORD, CITY OF (2 WPS)",Region 4,Community water system,65216,SANFORD,Large,0,https://www.sanfordfl.gov/home/showdocument?id=21251,2020,No
60,12,3,Baker,Florida,FL2020204,MACCLENNY WTP,Region 4,Community water system,6391,MACCLENNY,Medium,0,http://www.cityofmacclenny.com/images/2018_CCR_City.pdf,2019,No
61,13,105,Elbert,Georgia,GA1050001,ELBERTON,Region 4,Community water system,7800,ELBERTON,Medium,0,https://elbertonutilities.net/water-wastewater/forms-documents/Water%20Quality%20Report%202019.pdf,2020,No
62,13,81,Crisp,Georgia,GA0810001,CORDELE,Region 4,Community water system,11196,CORDELE,Large,0,https://nebula.wsimg.com/9b12eba5bedb983b21291e1146fc6892?AccessKeyId=5DE3111E17997895EBA3&disposition=0&alloworigin=1,2019,No
63,13,9,Baldwin,Georgia,GA0090000,BALDWIN COUNTY,Region 4,Community water system,23067,-,Large,0,https://www.baldwincountyga.com/wp-content/uploads/2019/05/Water-Quality-Report.pdf,2019,No
64,13,215,Muscogee,Georgia,GA2150000,COLUMBUS,Region 4,Community water system,229000,-,Very Large,0,http://www.cwwga.org/documentlibrary/598_Print%20Final.pdf,2020,No
65,13,51,Chatham,Georgia,GA0510229,SAVANNAH-WILMINGTON ISLAND,Region 4,Community water system,13526,-,Large,0,http://savannahwaterquality.com/reports/2020/savannah-main/,2020,No
66,13,185,Lowndes,Georgia,GA1850016,LOWNDES CO.-NORTH LOWNDES CO. WS,Region 4,Community water system,7194,LAKE PARK,Medium,0,https://www.lowndescounty.com/DocumentCenter/View/1339/Consumer-Confidence-Reports-2019,2020,No
67,13,39,Camden,Georgia,GA0390001,ST. MARYS,Region 4,Community water system,17270,-,Large,0,http://www.stmarysga.gov/department/public_works/docs/Water_Quality_Reports/2019%20STMARY%20CCR.pdf,2020,No
68,13,151,Henry,Georgia,GA1510000,HAMPTON,Region 4,Community water system,7305,HAMPTON,Medium,0,https://www.hcwa.com/skins/userfiles/files/HCWA_2020_CCR_web%20HQ.pdf,2020,No
69,13,137,Habersham,Georgia,GA1370002,CLARKESVILLE,Region 4,Community water system,5785,CLARKESVILLE,Medium,0,https://www.clarkesvillega.com/uploads/pdfs/CCR_report1.pdf,2020,No
70,13,241,Rabun,Georgia,GA2410118,RABUN COUNTY WATER & SEWER AUTHORITY,Region 4,Community water system,4587,CLAYTON,Medium,0,https://cityofclaytonga.gov/wp-content/uploads/2018/03/confidencereport.pdf,2018,No
71,16,67,Minidoka,Idaho,ID5340017,RUPERT CITY OF,Region 10,Community water system,5645,-,Medium,0,http://www.rupert-idaho.com/wp-content/uploads/2019/06/CCR2018.pdf,2019,No
72,16,83,Twin Falls,Idaho,ID5420058,TWIN FALLS CITY OF,Region 10,Community water system,48260,-,Large,0,https://www.tfid.org/DocumentCenter/View/4612/2020-CCR-Report?bidId=,2020,No
73,16,47,Gooding,Idaho,ID5240009,GOODING CITY OF,Region 10,Community water system,3567,-,Medium,0,http://www.goodingidaho.org/departments/water-department/ccr-2017-report-is-my-water-safe/,2020,No
74,17,31,Cook,Illinois,IL0312880,SKOKIE,Region 5,Community water system,64784,SKOKIE,Large,1,https://www.skokie.org/DocumentCenter/View/3640/Skokie-2019-Water-Quality-Report-PDF,2020,No
75,17,31,Cook,Illinois,IL0310450,CHICAGO HEIGHTS,Region 5,Community water system,30392,CHICAGO HEIGHTS,Large,1,http://cityofchicagoheights.org/DocumentCenter/View/2343/Consumer-Confidence-Report-2020,2020,No
76,17,31,Cook,Illinois,IL0311860,MELROSE PARK,Region 5,Community water system,25514,MELROSE PARK,Large,1,http://www.melrosepark.org/wp-content/uploads/2020/06/2019-Annual-Water-Quality-Report.pdf,2020,No
77,17,31,Cook,Illinois,IL0314740,PARK FOREST,Region 5,Community water system,21975,PARK FOREST,Large,1,http://www.vopfwaterreport.com/,2020,No
78,17,31,Cook,Illinois,IL0314180,BUFFALO GROVE,Region 5,Community water system,41266,BUFFALO GROVE,Large,1,https://issuu.com/vbg0/docs/waterccr_2019?fr=sMDdiZDU0MzE5,2020,No
79,17,31,Cook,Illinois,IL0312730,ROLLING MEADOWS,Region 5,Community water system,24099,ROLLING MEADOWS,Large,1,https://www.cityrm.org/ArchiveCenter/ViewFile/Item/6534,2020,No
80,17,31,Cook,Illinois,IL0315350,AQUA ILLINOIS-NORTH MAINE UTILITIES,Region 5,Community water system,30043,-,Large,1,https://www.aquaamerica.com/WaterQualityReports/2019/IL/IL0315350.pdf,2020,No
81,17,31,Cook,Illinois,IL0312520,POSEN,Region 5,Community water system,5820,POSEN,Medium,1,https://www.villageofposen.org/vop/wp-content/uploads/2020/05/2020-CCR-Water-Report-PPW.pdf,2020,No
82,17,31,Cook,Illinois,IL0312760,ROSEMONT,Region 5,Community water system,4300,ROSEMONT,Medium,1,https://www.rosemont.com/assets/1/7/2019_Water_Quality_Report.pdf,2020,No
83,17,29,Coles,Illinois,IL0290250,MATTOON,Region 5,Community water system,19000,MATTOON,Large,0,http://mattoon.illinois.gov/wp-content/uploads/CurrentCCR.pdf,2020,No
84,17,143,Peoria,Illinois,IL1430200,CHILLICOTHE,Region 5,Community water system,5996,CHILLICOTHE,Medium,0,http://www.cityofchillicotheil.com/contact_us/public_works/docs/2019%20CCR%20report%20-%20Cleaned.pdf,2020,No
85,17,97,Lake,Illinois,IL0970840,LAKE VILLA,Region 5,Community water system,8829,LAKE VILLA,Medium,0,https://www.lake-villa.org/egov/documents/1588346710_40685.pdf,2020,No
86,17,163,St. Clair,Illinois,IL1630850,MILLSTADT,Region 5,Community water system,4380,MILLSTADT,Medium,0,http://www.villageofmillstadt.org/documents/2019-CCR.pdf,2020,No
87,17,197,Will,Illinois,IL1970450,JOLIET,Region 5,Community water system,148693,JOLIET,Very Large,0,https://www.joliet.gov/Home/ShowDocument?id=26006,2020,No
88,17,119,Madison,Illinois,IL1195110,HOLIDAY SHORES SD,Region 5,Community water system,3387,-,Medium,0,http://water.epa.state.il.us/dww/JSP/SearchDispatch?number=&name=&county=All&WaterSystemType=All&SourceWaterType=All&PointOfContactType=None&SampleType=null&begin_date=1%2F24%2F2014&end_date=1%2F24%2F2016&action3=Review+Consumer+Confidence+Data,2020,No
89,18,1,Adams,Indiana,IN5201002,DECATUR WATER DEPARTMENT,Region 5,Community water system,9500,DECATUR,Medium,0,http://www.decaturin.org/Documents/2020%20Drinking%20Water%20Quality%20Report.pdf,2020,No
90,18,157,Tippecanoe,Indiana,IN5279015,PURDUE UNIV. WATER WORKS,Region 5,Community water system,55000,WEST LAFAYETTE,Large,0,https://www.purdue.edu/physicalfacilities/units/energy-utilities/ccr-report.pdf,2020,No
91,18,173,Warrick,Indiana,IN5287004,INDIANA AMERICAN WATER - NEWBURGH,Region 5,Community water system,19898,NEWBURGH,Large,0,https://www.amwater.com/ccr/newburgh.pdf,2020,No
92,18,113,Noble,Indiana,IN5257008,KENDALLVILLE WATER DEPARTMENT,Region 5,Community water system,9905,KENDALLVILLE,Medium,0,https://www.kendallville-in.org/pdf/water/ccr.pdf,2020,No
93,18,41,Fayette,Indiana,IN5221001,CONNERSVILLE UTILITIES,Region 5,Community water system,15000,CONNERSVILLE,Large,0,http://connersvillecommunity.com/Portals/0/Documents/Utilities/CCR%202020.pdf,2020,No
94,18,75,Jay,Indiana,IN5238007,PORTLAND MUNICIPAL WATER PLANT,Region 5,Community water system,6209,PORTLAND,Medium,0,N/A,N/A,N/A
95,18,93,Lawrence,Indiana,IN5247004,NORTH LAWRENCE WATER AUTHORITY,Region 5,Community water system,13300,BEDFORD,Large,0,https://northlawrencewater.com/documents/770/CCR_2019.pdf,2020,No
96,18,89,Lake,Indiana,IN5245015,INDIANA AMERICAN WATER - NORTHWEST,Region 5,Community water system,173525,"GARY, MERRILLVILLE",Very Large,0,https://www.amwater.com/ccr/greatergaryarea.pdf,2020,No
97,18,173,Warrick,Indiana,IN5287001,VEOLIA WATER OF BOONVILLE,Region 5,Community water system,10260,BOONVILLE,Large,0,http://cms4.revize.com/revize/boonville/Veolia%20Water%20CCR%20Updated%206.12.2020.pdf,2020,No
98,18,107,Montgomery,Indiana,IN5254005,INDIANA AMERICAN WATER - CRAWFORDSVILLE,Region 5,Community water system,14855,CRAWFORDSVILLE,Large,0,https://www.amwater.com/ccr/crawfordsville.pdf,2020,No
99,19,167,Sioux,Iowa,IA8486053,SIOUX CENTER MUNICIPAL WATER DEPARTMENT,Region 7,Community water system,7050,SIOUX CENTER,Medium,0,https://www.siouxcenter.org/DocumentCenter/View/624/Annual-Water-Quality-Report?bidId=,2020,No
100,19,59,Dickinson,Iowa,IA3070078,SPIRIT LAKE WATERWORKS,Region 7,Community water system,5578,SPIRIT LAKE,Medium,0,https://www.cityofspiritlake.org/wp-content/uploads/2020/06/2020-Water-Quality-Report.pdf,2020,No
101,19,67,Floyd,Iowa,IA3405012,CHARLES CITY WATER SUPPLY,Region 7,Community water system,7702,CHARLES CITY,Medium,0,https://www.cityofcharlescity.org/ArchiveCenter/ViewFile/Item/690,2020,No
102,19,127,Marshall,Iowa,IA6469042,MARSHALLTOWN WATER WORKS,Region 7,Community water system,27680,MARSHALLTOWN,Large,0,https://img1.wsimg.com/blobby/go/777f8fed-58b1-435c-9425-41060b00131f/downloads/Marsahalltown%20CCR%202020%20English.pdf?ver=1592003311649,2020,No
103,19,169,Story,Iowa,IA8584000,STORY CITY WATER DEPT,Region 7,Community water system,3431,STORY CITY,Medium,0,https://cityofstorycity.org/wp-content/uploads/2020/03/2019-Water-Quality-Report.pdf,2020,No
104,20,45,Douglas,Kansas,KS2004503,"LAWRENCE, CITY OF",Region 7,Community water system,97286,LAWRENCE,Large,0,https://assets.lawrenceks.org/utilities/ccr-2020.pdf,2020,No
105,20,103,Leavenworth,Kansas,KS2010312,LANSING CORRECTIONAL FACILITY,Region 7,Community water system,3500,LANSING,Medium,0,https://www.kdheks.gov/pws/2020_CCRs/LANSING_CORRECTIONAL_FACILITY-KS2010312.docx,2020,No
106,20,103,Leavenworth,Kansas,KS2010313,LAN DEL WATER DISTRICT,Region 7,Community water system,7302,LANSING,Medium,0,http://lan-del.com/Lan-Del%20Water%20Quality%20Report%202019.pdf,2020,No
107,21,229,Washington,Kentucky,KY1150415,SPRINGFIELD WATER WORKS,Region 4,Community water system,13205,-,Large,0,http://www.krwa.org/2019ccr/springfield.pdf,2020,No
108,21,191,Pendleton,Kentucky,KY0960126,FALMOUTH WATER DEPARTMENT,Region 4,Community water system,3861,-,Medium,0,http://www.krwa.org/2019ccr/falmouth.pdf,2020,No
109,21,107,Hopkins,Kentucky,KY0540936,MADISONVILLE LIGHT & WATER,Region 4,Community water system,28102,-,Large,0,http://www.krwa.org/2019ccr/madisonville.pdf,2020,No
110,21,235,Whitley,Kentucky,KY1180468,WHITLEY CO WATER DISTRICT,Region 4,Community water system,9825,-,Medium,0,http://krwa.org/2019ccr/whitley.pdf,2020,No
111,21,61,Edmonson,Kentucky,KY0310114,EDMONSON CO WATER DISTRICT,Region 4,Community water system,29872,-,Large,0,https://ecwdwater.com/wp-content/uploads/2020/06/2019-CCR-Edmonson-Co.pdf,2020,No
112,21,225,Union,Kentucky,KY1130422,STURGIS WATER WORKS,Region 4,Community water system,3490,-,Medium,0,http://krwa.org/2019ccr/sturgis.pdf,2020,No
113,22,101,St. Mary Parish,Louisiana,LA1101011,WATER & SEWER COMMISSION 4 OF ST MARY,Region 6,Community water system,9348,-,Medium,0,https://ccrwater.net/stmarywscomm4-71055,2020,No
114,22,41,Franklin Parish,Louisiana,LA1041006,WINNSBORO WATER SYSTEM,Region 6,Community water system,5500,-,Medium,0,http://ldh.la.gov/assets/oph/Center-EH/engineering/CCR/2019/Franklin/LA1041006.docx,2020,No
115,22,15,Bossier Parish,Louisiana,LA1015040,CYPRESS BLACK BAYOU WATER SYSTEM,Region 6,Community water system,4989,-,Medium,0,http://ldh.la.gov/assets/oph/Center-EH/engineering/CCR/2019/Bossier/LA1015040.docx,2020,No
116,22,53,Jefferson Davis Parish,Louisiana,LA1053013,JEFF DAVIS WATER DISTRICT 4,Region 6,Community water system,3834,-,Medium,0,http://ldh.la.gov/assets/oph/Center-EH/engineering/CCR/2019/JeffersonDavis/LA1053013.docx,2020,No
117,22,73,Ouachita Parish,Louisiana,LA1073046,SOUTH MONROE WS GOWC,Region 6,Community water system,7577,-,Medium,0,http://ldh.la.gov/assets/oph/Center-EH/engineering/CCR/2019/Ouachita/LA1073046.docx,2020,No
118,22,23,Cameron Parish,Louisiana,LA1023011,CAMERON PARISH WW DISTRICT 11-SWEET LAKE,Region 6,Community water system,3696,-,Medium,0,http://ldh.la.gov/assets/oph/Center-EH/engineering/CCR/2019/Cameron/LA1023011.docx,2020,No
119,24,35,Queen Anne's,Maryland,MD0170001,TOWN OF CENTREVILLE,Region 3,Community water system,3322,-,Medium,0,https://www.townofcentreville.org/wp-content/uploads/2020/06/2019-CCR-Report.pdf,2020,No
120,24,21,Frederick,Maryland,MD0100025,TOWN OF WALKERSVILLE,Region 3,Community water system,8440,-,Medium,0,http://walkersville-md.com/wp-content/uploads/2020/06/Annual-Drinking-Water-Quality-Report-.doc,2020,No
121,24,13,Carroll,Maryland,MD0060012,CITY OF TANEYTOWN,Region 3,Community water system,6750,-,Medium,0,http://cms6.revize.com/revize/taneytown/departments/public_works/docs/2019%20-%20Water%20Quality%20Report.pdf,2020,No
122,24,1,Allegany,Maryland,MD0010009,WESTERN REGION ALLEGANY DISTRIB. SYSTEM,Region 3,Community water system,4955,-,Medium,0,https://www.alleganygov.org/DocumentCenter/View/794,2020,No
123,24,1,Allegany,Maryland,MD0010005,EASTERN REGION ALLEGANY DISTRIB. SYSTEM,Region 3,Community water system,5703,-,Medium,0,https://www.alleganygov.org/DocumentCenter/View/793,2020,No
124,25,17,Middlesex,Massachusetts,MA3274000,SOMERVILLE WATER DEPT. (MWRA),Region 1,Community water system,81322,SOMERVILLE,Large,0,https://www.somervillema.gov/sites/default/files/mwra-water-test-results.pdf,2020,No
125,25,23,Plymouth,Massachusetts,MA4219000,NORWELL WATER DEPARTMENT,Region 1,Community water system,11258,NORWELL,Large,0,https://www.townofnorwell.net/sites/g/files/vyhlif1011/f/uploads/norwell_2019_final_-_600_dpi.pdf,2020,No
126,25,27,Worcester,Massachusetts,MA2151001,CHERRY VALLEY/ ROCHDALE WATER DISTRICT,Region 1,Community water system,3337,LEICESTER,Medium,0,http://www.cvrwd.com/images/2019_CCR.pdf,2020,No
127,25,17,Middlesex,Massachusetts,MA2002000,ACTON WATER SUPPLY DISTRICT,Region 1,Community water system,20890,ACTON,Large,0,https://www.actonwater.com/assets/media/documents/WaterWords/2020%20Summer%20Water%20Words.pdf,2020,No
128,25,17,Middlesex,Massachusetts,MA3344000,WINCHESTER WATER DEPT,Region 1,Community water system,22800,WINCHESTER,Large,0,http://www.mwra.com/annual/waterreport/2019results/partially-supplied/winchester.pdf,2020,No
129,25,27,Worcester,Massachusetts,MA2316000,WEBSTER WATER DEPARTMENT,Region 1,Community water system,16767,WEBSTER,Large,0,https://www.webster-ma.gov/DocumentCenter/View/9485/CCR-2019?bidId=,2020,No
130,25,9,Essex,Massachusetts,MA3254000,ROWLEY WATER DEPARTMENT,Region 1,Community water system,6325,ROWLEY,Medium,0,https://1oua063xni9w4aubv61y61x2-wpengine.netdna-ssl.com/wp-content/uploads/sites/165/2020/06/2019-CCR.pdf,2020,No
131,25,17,Middlesex,Massachusetts,MA3342000,WILMINGTON WATER DEPT,Region 1,Community water system,22325,WILMINGTON,Large,0,https://www.wilmingtonma.gov/sites/g/files/vyhlif5221/f/uploads/2019_ccr.pdf,2020,No
132,25,27,Worcester,Massachusetts,MA2153000,LEOMINSTER WATER DIVISION,Region 1,Community water system,40490,LEOMINSTER,Large,0,https://www.leominster-ma.gov/civicax/filebank/blobdload.aspx?BlobID=31076,2020,No
133,26,87,Lapeer,Michigan,MI0003780,"LAPEER, CITY OF",Region 5,Community water system,8841,LAPEER,Medium,0,https://cms4.revize.com/revize/lapeer/DPWAnnualWaterQualityReports/Consumer%20Confidence%20Report%20-%202018.pdf,2019,No
134,26,81,Kent,Michigan,MI0007220,WYOMING,Region 5,Community water system,72125,WYOMING,Large,0,https://www.wyomingmi.gov/Portals/0/Documents/Departments/Utilities/Water_Quality_Report_2019.pdf,2020,Yes
135,26,147,St. Clair,Michigan,MI0004090,MARINE CITY,Region 5,Community water system,4652,MARINE CITY,Medium,0,https://www.cityofmarinecity.org/sites/g/files/vyhlif851/f/uploads/2019_ccr_-_marine_city.pdf,2020,No
136,26,163,Wayne,Michigan,MI0001740,DEARBORN HEIGHTS,Region 5,Community water system,57774,DEARBORN HEIGHTS,Large,0,http://www.ci.dearborn-heights.mi.us/DHT%202017%20CCR%20Report.pdf,2018,No
137,26,65,Ingham,Michigan,MI0003760,LANSING BOARD OF WATER & LIGHT,Region 5,Community water system,166000,LANSING,Very Large,0,https://www.lbwl.com/sites/default/files/documents/2020-05/wqr2020.pdf,2020,No
138,26,125,Oakland,Michigan,MI0005440,PONTIAC,Region 5,Community water system,63398,PONTIAC,Large,0,http://www.pontiac.mi.us/WRC_AnnualReport2018.pdf,2019,No
139,27,3,Anoka,Minnesota,MN1020016,Columbia Heights,Region 5,Community water system,20000,Columbia Heights,Large,0,https://cms5.revize.com/revize/columbiaheightsmn/document_center/Sewer%20&%20Water/2019CCR.pdf,2020,No
140,27,139,Scott,Minnesota,MN1700007,Prior Lake,Region 5,Community water system,25282,Prior Lake,Large,0,https://www.cityofpriorlake.com/documents/drinking2019.pdf,2020,No
141,27,3,Anoka,Minnesota,MN1020013,Circle Pines,Region 5,Community water system,5023,Circle Pines,Medium,0,https://www.centennialutilities.com/vertical/sites/%7B8FB5412B-3187-4073-A77B-E6FF861B1AAB%7D/uploads/2019_CCR_Water_Report.pdf,2020,No
142,28,153,Wayne,Mississippi,MS0770003,CITY OF WAYNESBORO,Region 4,Community water system,4944,WAYNESBORO,Medium,0,https://msdh.ms.gov/ccr/2019/146840.pdf#page=1,2020,No
143,28,121,Rankin,Mississippi,MS0610013,LEESBURG WATER ASSOCIATION,Region 4,Community water system,4170,-,Medium,0,http://www.leesburgwater.com/wp-content/uploads/2020/05/2019CCR.pdf,2020,No
144,28,47,Harrison,Mississippi,MS0240084,CITY OF BILOXI-NORTH,Region 4,Community water system,9606,BILOXI,Medium,0,https://biloxi.ms.us/wp-content/uploads/2020/05/Water-Quality-Report.pdf,2020,No
145,28,49,Hinds,Mississippi,MS0250021,REEDTOWN WATER ASSN,Region 4,Community water system,5040,-,Medium,0,https://msdh.ms.gov/ccr/2018/135768.pdf#page=1,2019,No
146,28,89,Madison,Mississippi,MS0450007,EAST MADISON WATER ASSN-WEST,Region 4,Community water system,7265,-,Medium,0,https://msdh.ms.gov/ccr/2019/147546.pdf#page=1,2020,No
147,29,23,Butler,Missouri,MO4010656,POPLAR BLUFF PWS,Region 7,Community water system,17266,POPLAR BLUFF,Large,0,https://dnr.mo.gov/ccr/MO4010656.pdf,2020,No
148,29,37,Cass,Missouri,MO1024111,CASS COUNTY PWSD 7,Region 7,Community water system,4307,FREEMAN,Medium,0,https://dnr.mo.gov/ccr/MO1024111.pdf,2020,No
149,29,43,Christian,Missouri,MO5010576,NIXA PWS,Region 7,Community water system,21000,NIXA,Large,0,https://dnr.mo.gov/ccr/MO5010576.pdf,2020,No
150,29,71,Franklin,Missouri,MO6024211,FRANKLIN COUNTY PWSD 1,Region 7,Community water system,3500,WASHINGTON,Medium,0,https://dnr.mo.gov/ccr/MO6024211.pdf,2020,No
151,29,83,Henry,Missouri,MO1010177,HENRY COUNTY WATER COMPANY,Region 7,Community water system,9014,CLINTON,Medium,0,https://dnr.mo.gov/ccr/MO1010177.pdf,2020,No
152,29,99,Jefferson,Missouri,MO6024300,JEFFERSON CO PWSD  8,Region 7,Community water system,4733,CEDAR HILL,Medium,0,https://dnr.mo.gov/ccr/MO6024300.pdf,2020,No
153,29,71,Franklin,Missouri,MO6024213,FRANKLIN COUNTY PWSD 3,Region 7,Community water system,8250,"GRAY SUMMIT, LABADIE, VILLA RIDGE",Medium,0,https://dnr.mo.gov/ccr/MO6024213.pdf,2020,No
154,31,37,Colfax,Nebraska,NE3103701,"SCHUYLER, CITY OF",Region 7,Community water system,6211,SCHUYLER,Medium,0,N/A,N/A,N/A
155,31,127,Nemaha,Nebraska,NE3112703,"AUBURN, CITY OF",Region 7,Community water system,3460,AUBURN,Medium,0,https://auburnbpw.com/wp-content/uploads/2020-Quality-on-Tap-report-2019-FY.pdf,2020,No
156,31,153,Sarpy,Nebraska,NE3115303,"GRETNA, CITY OF",Region 7,Community water system,10852,GRETNA,Large,0,https://www.gretnane.org/DocumentCenter/View/1730/2019-Quality-Water-Report-PDF?bidId=,2020,No
157,32,3,Clark,Nevada,NV0000011,BOULDER CITY,Region 9,Community water system,15000,BOULDER CITY,Large,1,http://www.bcnv.org/280/Water-Quality-Consumer-Confidence-Report,2020,No
158,32,19,Lyon,Nevada,NV0000255,YERINGTON CITY OF,Region 9,Community water system,5050,-,Medium,0,http://www.coypw.com/ccr2019/pdf/ccr_2019_rev_a_yerington_nv.pdf,2020,Yes
159,34,25,Monmouth,New Jersey,NJ1340001,RED BANK WATER DEPT,Region 2,Community water system,12520,"FAIR HAVEN BORO-1313, LITTLE SILVER BORO-1323, RED BANK BORO-1340",Large,0,https://www.redbanknj.org/DocumentCenter/View/11018/Water-Quality-Report-for-the-Year-2019,2020,No
160,34,3,Bergen,New Jersey,NJ0232001,LYNDHURST WATER DEPARTMENT,Region 2,Community water system,20500,LYNDHURST TWP-0232,Large,0,http://www.lyndhurstnj.org/CCR.pdf,2020,No
161,34,35,Somerset,New Jersey,NJ0712001,NJ AMERICAN WATER - SHORT HILLS,Region 2,Community water system,217230,"BEDMINSTER TWP.-1801, BELVIDERE TOWN-2103, BERKELEY HEIGHTS TWP.-2001, BERNARDS TWP.-1802, BERNARDSVILLE BORO-1803, CHATHAM BORO-1404, CHESTER TWP.-1407, FAR HILLS BORO-1807, FLORHAM PARK BORO-1411, FRANKLIN TWP.-2105, FRENCHTOWN BORO-1011, HARDING TWP.-1413, HILLSIDE TWP.-2007, IRVINGTON TOWN-0709, LITTLE FALLS TWP.-1605, LIVINGSTON TWP.-0710, MAPLEWOOD TWP.-0711, MENDHAM BORO-1418, MENDHAM TWP.-1419, MILLBURN TWP.-0712, MOUNT OLIVE TWP.-1427, NEW PROVIDENCE BORO-2011, NORTH CALDWELL BORO-0715, OXFORD TWP.-2117, SOUTH ORANGE VILLAGE-0719, SPRINGFIELD TWP.-2017, SUMMIT CITY-2018, UNION TWP-.2019, WARREN TWP.-1820",Very Large,0,https://www.amwater.com/ccr/shorthills.pdf,2020,No
162,34,41,Warren,New Jersey,NJ2108001,HACKETTSTOWN MUA,Region 2,Community water system,22000,HACKETTSTOWN TOWN-2108,Large,0,http://hmua.com/doc/2019-water-quality-report.pdf,2020,No
163,34,27,Morris,New Jersey,NJ1424001,SOUTHEAST MORRIS COUNTY MUA,Region 2,Community water system,62053,"CHATHAM BORO-1404, HANOVER TWP.-1412, HARDING TWP.-1413, MENDHAM TWP.-1419, MORRIS PLAINS BORO-1423, MORRIS TWP.-1422, MORRISTOWN TOWN-1424",Large,0,https://smcmua.org/2019WaterQualityReport.pdf,2020,No
164,34,15,Gloucester,New Jersey,NJ0808001,NJ AMERICAN WATER - HARRISON,Region 2,Community water system,9193,HARRISON TWP.-0808,Very Large,0,https://www.amwater.com/ccr/harrison.pdf,2020,No
165,34,11,Cumberland,New Jersey,NJ0610001,MILLVILLE WATER DEPARTMENT,Region 2,Community water system,27500,MILLVILLE CITY-0610,Large,0,http://www.millvillenj.gov/DocumentCenter/View/2589/2019-CCR,2020,No
166,34,29,Ocean,New Jersey,NJ1525001,POINT PLEASANT BEACH WATER DEPARTMENT,Region 2,Community water system,12000,POINT P. BEACH BORO-1525,Large,0,https://pointpleasantbeach.org/wp-content/uploads/2020/06/WaterReport-2020.pdf,2020,No
167,36,71,Orange,New York,NY3511338,U.S.M.A. - STONEY LONESOME SYS,Region 2,Community water system,4000,HIGHLANDS (T),Medium,0,N/A,N/A,N/A
168,36,101,Steuben,New York,NY5001212,MORNINGSIDE HEIGHTS WD / ERWIN (T),Region 2,Community water system,4570,ERWIN (T),Medium,0,https://www.erwinny.org/AnnualWaterReport.pdf,2020,No
169,36,83,Rensselaer,New York,NY4100041,HOOSICK FALLS (V) PWS,Region 2,Community water system,4925,HOOSICK FALLS (V),Medium,0,https://www.villageofhoosickfalls.com/Media/PDF/WaterQualityReport2016.pdf,2017,No
170,36,103,Suffolk,New York,NY5103705,RIVERHEAD WD,Region 2,Community water system,35000,RIVERHEAD (T),Large,0,https://www.townofriverheadny.gov/files/documents/2019AnnualWaterQualityReport958080430052920AM.pdf,2020,No
171,36,71,Orange,New York,NY3503531,HARRIMAN VILLAGE,Region 2,Community water system,5000,HARRIMAN (V),Medium,0,https://www.villageofharriman.org/uploads/4/2/9/6/42961709/harriman_awqr_19.pdf,2020,No
172,36,33,Franklin,New York,NY1600012,TUPPER LAKE V,Region 2,Community water system,5500,TUPPER LAKE (V),Medium,0,https://www.tupperlakeny.gov/vertical/sites/%7BE08972AB-854D-4CB7-B840-09015FB2A25A%7D/uploads/Annual_Water_Quality_Report_2019.pdf,2020,No
173,36,59,Nassau,New York,NY2902822,FRANKLIN SQUARE WD,Region 2,Community water system,20000,"HEMPSTEAD (T), STEWART MANOR (V)",Large,0,http://www.fswd.org/wp-content/uploads/2020/06/2019-Water-Quality-Report.pdf,2020,No
174,36,119,Westchester,New York,NY5903425,CROTON-ON-HUDSON VILLAGE,Region 2,Community water system,8000,CROTON-ON-HUDSON (V),Medium,0,https://www.crotononhudson-ny.gov/sites/g/files/vyhlif441/f/uploads/ny000109_wr.pdf,2020,No
175,36,71,Orange,New York,NY3503554,PORT JERVIS CITY,Region 2,Community water system,9000,PORT JERVIS (C),Medium,0,https://www.portjervisny.org/wp-content/uploads/2020/05/2019-AWQR-Final.pdf,2020,No
176,36,55,Monroe,New York,NY2704518,ROCHESTER CITY,Region 2,Community water system,214000,ROCHESTER (C),Very Large,0,https://www.cityofrochester.gov/WorkArea/DownloadAsset.aspx?id=21474844274,2020,No
177,36,53,Madison,New York,NY2602371,CAZENOVIA VILLAGE,Region 2,Community water system,3635,CAZENOVIA (V),Medium,0,http://villageofcazenovia.com/wp-content/uploads/2020/03/Village-of-Caz-2019-AWQR-.doc,2020,No
178,36,117,Wayne,New York,NY5821130,ARCADIA-LYONS CSA,Region 2,Community water system,5760,LYONS (T),Medium,0,http://www.wcwsa.org/wqr/arc-lyons.pdf,2020,No
179,36,121,Wyoming,New York,NY6000618,WARSAW VILLAGE,Region 2,Community water system,3850,"WARSAW (T), WARSAW (V)",Medium,0,N/A,N/A,N/A
180,36,19,Clinton,New York,NY0904192,CLINTON CORRECTIONAL FACILITY,Region 2,Community water system,4900,DANNEMORA (V),Medium,0,N/A,N/A,N/A
181,36,109,Tompkins,New York,NY5404416,ITHACA CITY,Region 2,Community water system,29457,ITHACA (C),Large,0,https://www.cityofithaca.org/ArchiveCenter/ViewFile/Item/2093,2020,No
182,37,27,Caldwell,North Carolina,NC0114030,"GRANITE FALLS, TOWN OF",Region 4,Community water system,6386,GRANITE FALLS,Medium,0,https://granitefallsnc.govoffice3.com/vertical/Sites/%7B4576E5AF-4719-425A-8B42-427EECA78B10%7D/uploads/Granite_Falls__Town_of.pdf,2020,No
183,37,179,Union,North Carolina,NC0190413,UNION COUNTY WATER SYSTEM,Region 4,Community water system,134066,MONROE,Very Large,0,https://online.fliphtml5.com/sogm/ekqi/,2020,Yes
184,37,175,Transylvania,North Carolina,NC0188010,"BREVARD, CITY OF",Region 4,Community water system,10686,BREVARD,Large,0,https://www.cityofbrevard.com/DocumentCenter/View/2899/2019-Consumer-Confidence-Report-PDF,2020,No
185,37,31,Carteret,North Carolina,NC0416028,BOGUE BANKS WATER CORPORATION,Region 4,Community water system,4995,EMERALD ISLE,Medium,0,https://boguebankswater.com/documents/175/2019_Water_Quality_Report.pdf,2020,No
186,37,51,Cumberland,North Carolina,NC5026027,EASTOVER SANITARY DISTRICT,Region 4,Community water system,6705,EASTOVER,Medium,0,https://eastoversanitarydistrict.com/documents/336/CCR_2019.pdf,2020,No
187,38,35,Grand Forks,North Dakota,ND1801056,AGASSIZ WATER USERS DISTRICT,Region 8,Community water system,3438,-,Medium,0,http://awud.org/data/_uploaded/reports/2018-water-report.pdf,2019,No
188,38,17,Cass,North Dakota,ND0901483,CASS RURAL WATER DISTRICT FARGO,Region 8,Community water system,4242,-,Medium,0,https://www.cassruralwater.com/wp-content/uploads/2019-Water-Quality-Report.pdf,2020,No
189,39,71,Highland,Ohio,OH3600614,HILLSBORO CITY,Region 5,Community water system,6650,-,Medium,0,https://www.hillsboroohio.net/egov/documents/1588597994_26398.pdf,2020,No
190,39,113,Montgomery,Ohio,OH5701212,MIAMISBURG CITY PWS,Region 5,Community water system,20034,-,Large,0,http://www.ci.miamisburg.oh.us/index.php?option=com_docman&task=doc_download&gid=532&Itemid=119,2020,No
191,39,155,Trumbull,Ohio,OH7803203,TRUMBULL CO.-SOUTHEAST PWS,Region 5,Community water system,8850,-,Medium,0,http://www.sanengr.co.trumbull.oh.us/ccr/SE.pdf,2020,No
192,39,43,Erie,Ohio,OH2201411,SANDUSKY CITY,Region 5,Community water system,25793,-,Large,0,http://www.ci.sandusky.oh.us/Public%20Works/Water%20Quality%20Report%202019.pdf,2020,No
193,39,27,Clinton,Ohio,OH1400111,BLANCHESTER VILLAGE PWS,Region 5,Community water system,4243,-,Medium,0,N/A,N/A,N/A
194,39,35,Cuyahoga,Ohio,OH1801003,LAKEWOOD CITY PWS,Region 5,Community water system,52100,-,Large,0,http://www.onelakewood.com/wp-content/uploads/2019/05/WaterQualityReport2018.pdf,2019,No
195,39,39,Defiance,Ohio,OH2000212,HICKSVILLE VILLAGE,Region 5,Community water system,3581,-,Medium,0,https://www.villageofhicksville.com/gov/wp-content/uploads/2020/06/Hicksville-CCR-2019.pdf,2020,No
196,39,61,Hamilton,Ohio,OH3102212,WYOMING CITY PWS,Region 5,Community water system,9700,-,Medium,0,https://wyomingohio.gov/download/Water%20Department/Consumer%20Confidence%20Report/2019-Consumer-Confidence-Report.pdf,2020,No
197,40,121,Pittsburg,Oklahoma,OK3006112,ADAMSON RWD #8,Region 6,Community water system,4306,-,Medium,0,https://adamsonwater.com/documents/1019/OK3006112.pdf,2019,No
198,40,143,Tulsa,Oklahoma,OK3007223,GLENPOOL WATER,Region 6,Community water system,12500,-,Large,0,http://www.cityofglenpool.com/DocumentCenter/View/824/2018-Annual-Water-Quality-Report?bidId=,2018,No
199,40,79,Le Flore,Oklahoma,OK3004001,LEFLORE CO. RWD #14,Region 6,Community water system,9077,-,Medium,0,http://sdwis.deq.state.ok.us/DWW/CCReports/OK3004001.pdf,2020,No
200,40,121,Pittsburg,Oklahoma,OK3006112,ADAMSON RWD #8,Region 6,Community water system,4306,-,Medium,0,https://adamsonwater.com/documents/1019/OK3006112.pdf,2019,No
201,40,21,Cherokee,Oklahoma,OK1221637,CHEROKEE CO. RWD #11,Region 6,Community water system,3395,-,Medium,0,http://nebula.wsimg.com/8813102e8ca07d7f15f8dd89dc82c238?AccessKeyId=4AAD35A3C610A37FA19B&disposition=0alloworigin=1,2019,No
202,41,17,Deschutes,Oregon,OR4100693,REDMOND WATER DEPARTMENT,Region 10,Community water system,27427,-,Large,0,https://www.redmondoregon.gov/home/showdocument?id=21327,2020,No
203,41,41,Lincoln,Oregon,OR4100566,"NEWPORT, CITY OF",Region 10,Community water system,10160,-,Large,0,https://www.newportoregon.gov/dept/pwk/documents/2019_Water_Quality_Report.pdf,2020,No
204,41,39,Lane,Oregon,OR4100246,"CRESWELL, CITY OF",Region 10,Community water system,5075,-,Medium,0,https://www.ci.creswell.or.us/sites/default/files/fileattachments/public_works/page/781/water_quailty_report_2019.pdf,2020,No
205,41,41,Lincoln,Oregon,OR4100798,SEAL ROCK WATER DISTRICT,Region 10,Community water system,5500,-,Medium,0,https://www.srwd.org/files/bd7748a0b/SRWD+2019+CCR+200615.pdf,2020,No
206,41,59,Umatilla,Oregon,OR4100914,"UMATILLA, CITY OF",Region 10,Community water system,6980,-,Medium,0,https://www.umatilla-city.org/sites/default/files/fileattachments/utilities/page/711/year2019_ccr_whole.pdf,2020,No
207,41,19,Douglas,Oregon,OR4100957,WINSTON-DILLARD WATER DISTRICT,Region 10,Community water system,8060,-,Medium,0,https://www.wdwd.us/uploads/3/4/5/2/34525748/ccr_2013.pdf,2013,No
208,42,11,Berks,Pennsylvania,PA3060052,CAERNARVON TWP AUTH,Region 3,Community water system,4245,-,Medium,0,http://www.caernarvonwater.com/Documents/CTA2019notice.pdf,2020,No
209,42,59,Greene,Pennsylvania,PA5300005,MUN AUTH BORO OF CARMICHAELS,Region 3,Community water system,4700,-,Medium,0,http://www.carmichaelswaterauthority.com/wp-content/uploads/2020/05/2019CCR.pdf,2020,No
210,42,71,Lancaster,Pennsylvania,PA7360113,EAST COCALICO TOWNSHIP,Region 3,Community water system,6735,-,Medium,0,https://www.eastcocalicotownship.com/sites/eastcocalicopa/files/uploads/ccr2017.pdf,2018,No
211,42,97,Northumberland,Pennsylvania,PA4490023,PA AMERICAN WHITE DEER,Region 3,Community water system,30209,-,Large,0,https://www.amwater.com/ccr/whitedeer.pdf,2020,No
212,42,71,Lancaster,Pennsylvania,PA7360143,WEST EARL WATER AUTHORITY,Region 3,Community water system,4327,-,Medium,0,http://www.westearltwp.org/documents/2019-CCR.pdf,2020,No
213,42,83,McKean,Pennsylvania,PA6420019,PA AMERICAN WATER CO KANE,Region 3,Community water system,5725,-,Medium,0,https://www.amwater.com/ccr/kane.pdf,2020,No
214,42,17,Bucks,Pennsylvania,PA1090128,DTMA MAIN SYSTEM,Region 3,Community water system,8655,-,Medium,0,https://doylestownpa.org/wp-content/uploads/2020/06/Water-Quality-Report-PWS1090128-2019.pdf,2020,No
215,45,85,Sumter,South Carolina,SC4320001,DALZELL WATER DISTRICT (SC4320001),Region 4,Community water system,3912,DALZELL,Medium,0,https://www.sumtersc.gov/sites/default/files/uploads/Departments/Water/annual_water_quality_report.pdf,2020,No
216,45,63,Lexington,South Carolina,SC3220003,JOINT MUNICIPAL WSC (3220003),Region 4,Community water system,34317,LEXINGTON,Large,0,http://lcjmwsc.com/Data/Sites/1/media/water-quality-report-2019.pdf,2020,No
217,45,47,Greenwood,South Carolina,SC2410001,GREENWOOD CPW (2410001),Region 4,Community water system,47947,GREENWOOD,Large,0,http://greenwoodcpw.com/waterqualityreport.pdf,2020,No
218,45,67,Marion,South Carolina,SC3320001,MARCO RURAL WATER CO (SC3320001),Region 4,Community water system,15082,MARION,Large,0,https://marcoruralwater.org/documents/269/2019_CCR.pdf,2020,No
219,45,77,Pickens,South Carolina,SC3910003,LIBERTY CITY OF (SC3910003),Region 4,Community water system,3338,LIBERTY,Medium,0,https://www.libertysc.com/sites/default/files/uploads/internal/ccr_liberty_2019.pdf,2020,No
220,45,91,York,South Carolina,SC4610002,ROCK HILL CITY OF (SC4610002),Region 4,Community water system,74377,ROCK HILL,Large,0,https://www.cityofrockhill.com/home/showdocument?id=26616,2020,No
221,46,83,Lincoln,South Dakota,SD4600304,LINCOLN COUNTY RURAL WATER SYSTEM,Region 8,Community water system,5788,"HARRISBURG, SIOUX FALLS",Medium,0,http://www.lincolncoruralwater.com/wp-content/uploads/2020/03/Consumer-Confidence-Report-for-2019.pdf,2020,No
222,47,185,White,Tennessee,TN0000569,QUEBECK WALLING UTILITY DIST,Region 4,Community water system,4838,-,Medium,0,http://www.qwudtn.com/wp-content/uploads/2020/03/CCF_000044.pdf,2020,No
223,47,49,Fentress,Tennessee,TN0000324,JAMESTOWN WATER DEPT,Region 4,Community water system,4042,JAMESTOWN,Medium,0,N/A,N/A,N/A
224,47,187,Williamson,Tennessee,TN0000511,NOLENSVILLE-COLLEGE GROVE UD,Region 4,Community water system,28919,NOLENSVILLE,Large,0,https://www.ncgud.com/wp-content/uploads/2020/06/2019-CCR.pdf,2020,No
225,47,163,Sullivan,Tennessee,TN0000073,BRISTOL DEPTARTMENT OF UTILITIES,Region 4,Community water system,33199,BRISTOL,Large,0,https://www.bristoltn.org/DocumentCenter/View/8665/CCR-final-version,2020,No
226,47,65,Hamilton,Tennessee,TN0000037,UNION FORK-BAKEWELL UTILITY DISTRICT,Region 4,Community water system,5223,BAKEWELL,Medium,0,http://ufbud.com/wp-content/uploads/2020/06/UFBUDccr2019.pdf,2020,No
227,47,45,Dyer,Tennessee,TN0000518,NORTHWEST DYERSBURG U D,Region 4,Community water system,4158,DYERSBURG,Medium,0,N/A,N/A,N/A
228,47,53,Gibson,Tennessee,TN0000813,GIBSON CO MUN WATER DIST #4,Region 4,Community water system,3422,TRENTON,Medium,0,https://www.gibsoncountywater.com/documents/311/2019_CCR.pdf,2020,No
229,47,163,Sullivan,Tennessee,TN0000349,KINGSPORT WATER DEPT,Region 4,Community water system,103427,KINGSPORT,Very Large,0,https://www.kingsporttn.gov/wp-content/uploads/2020/03/ccr2019.pdf,2020,No
233,48,215,Hidalgo,Texas,TX1080234,MILITARY HWY WSC PROGRESO,Region 6,Community water system,11247,-,Large,1,file:///Users/teresagonzalez/Downloads/2019-Annual-Drinking-Water-Quality-Report-CCR-Progreso-1080234.pdf,2020,No
234,48,215,Hidalgo,Texas,TX1080006,MCALLEN PUBLIC UTILITY,Region 6,Community water system,173388,-,Very Large,1,http://mcallenpublicutility.com/wp-content/uploads/2020/04/2019-Water-Quality-Report-Booklet.pdf,2020,No
235,48,215,Hidalgo,Texas,TX1080010,CITY OF SAN JUAN,Region 6,Community water system,30027,-,Large,1,https://www.cityofsanjuantexas.com/cosj2/wp-content/uploads/2020/06/CCR_REPORT_2019-3.pdf,2020,No
236,48,215,Hidalgo,Texas,TX1080005,CITY OF ELSA,Region 6,Community water system,5500,-,Medium,1,N/A,N/A,N/A
237,48,201,Harris,Texas,TX1011585,CITY OF HOUSTON DISTRICT 73,Region 6,Community water system,5073,-,Medium,1,N/A,N/A,N/A
238,48,201,Harris,Texas,TX1011809,HARRIS COUNTY MUD 189,Region 6,Community water system,6480,-,Medium,1,N/A,N/A,N/A
239,48,201,Harris,Texas,TX1010159,HARRIS COUNTY WCID 1,Region 6,Community water system,7311,-,Medium,1,https://www.hcwcid1.com/wp-content/uploads/2020/06/2019-HCWCID-1-Water-Quality-Report.pdf,2020,No
240,48,201,Harris,Texas,TX1010062,CITY OF SEABROOK,Region 6,Community water system,12792,-,Large,1,https://www.seabrooktx.gov/DocumentCenter/View/9323/Water-Quality-Report-2019-PDF?bidId=,2020,No
241,48,201,Harris,Texas,TX1010572,HARRIS COUNTY MUD 24,Region 6,Community water system,10263,-,Large,1,N/A,N/A,N/A
242,48,201,Harris,Texas,TX1011256,NORTHWEST FREEWAY MUD,Region 6,Community water system,3558,-,Medium,1,http://www.wq-report.com/nwf.pdf,2020,No
243,48,201,Harris,Texas,TX1010539,HARRIS COUNTY MUD 1,Region 6,Community water system,9822,-,Medium,1,https://www.hcmud1.com/wp-content/uploads/2019/09/hcmud1_ccr_2018.pdf,2018,No
244,48,201,Harris,Texas,TX1013178,HARRIS COUNTY MUD 281,Region 6,Community water system,3609,-,Medium,1,https://www.wdmtexas.com/wp-content/uploads/HCMUD281_2019_FINAL.pdf,2020,No
245,48,201,Harris,Texas,TX1010554,GREENWOOD UTILITY DISTRICT,Region 6,Community water system,4335,-,Medium,1,http://www.greenwoodud.com/wp-content/uploads/2019/05/greenwoodud_ccr_2018.pdf,2018,No
246,48,141,El Paso,Texas,TX0710018,EL PASO COUNTY WCID 4 FABENS,Region 6,Community water system,8100,-,Medium,1,http://epcwcid4.org/wp-content/uploads/2019/06/CCR_Report.pdf,2018,No
247,48,61,Cameron,Texas,TX0310002,HARLINGEN WATER WORKS SYSTEM,Region 6,Community water system,85900,-,Large,1,file:///Users/teresagonzalez/Downloads/CCR_2019.pdf,2020,No
248,48,387,Red River,Texas,TX1940002,CITY OF CLARKSVILLE,Region 6,Community water system,4548,-,Medium,0,http://clarksvilletx.com/wp-content/uploads/2018/06/2017-Consumer-Confidence-Report.pdf,2017,No
249,48,39,Brazoria,Texas,TX0200645,BRAZORIA COUNTY MUD 31,Region 6,Community water system,4350,-,Medium,0,http://www.bcmud21.com/wp-content/uploads/2019/06/bcmud21_ccr_2018.pdf,2019,No
250,48,167,Galveston,Texas,TX0840002,CITY OF FRIENDSWOOD,Region 6,Community water system,37921,-,Large,0,https://www.ci.friendswood.tx.us/CCR,2020,No
251,48,157,Fort Bend,Texas,TX0790085,TDCJ JESTER 1 UNIT,Region 6,Community water system,3365,-,Medium,0,N/A,N/A,N/A
252,48,203,Harrison,Texas,TX1020002,CITY OF MARSHALL,Region 6,Community water system,23091,-,Large,0,http://www.marshalltexas.net/uploads/pdf/Water%20Report%20-%202019.pdf,2020,No
253,48,343,Morris,Texas,TX1720001,CITY OF DAINGERFIELD,Region 6,Community water system,4047,-,Medium,0,N/A,N/A,N/A
254,48,121,Denton,Texas,TX0610080,CITY OF HIGHLAND VILLAGE,Region 6,Community water system,15650,-,Large,0,https://www.highlandvillage.org/ArchiveCenter/ViewFile/Item/2274,2020,No
255,48,325,Medina,Texas,TX1630010,EAST MEDINA COUNTY SUD UNIT 1,Region 6,Community water system,5133,-,Medium,0,https://www.emcsud.dst.tx.us/documents/837/2019_CCR_Report_for_1630010__20___30-converted.pdf,2020,No
256,48,209,Hays,Texas,TX1050002,CITY OF KYLE,Region 6,Community water system,29118,-,Large,0,https://www.cityofkyle.com/publicworks/2019-water-quality-report,2020,No
257,48,157,Fort Bend,Texas,TX0790324,CINCO MUD 8,Region 6,Community water system,4632,-,Medium,0,http://www.cincomud8.com/wp-content/uploads/2019/06/cincomud8_annual_drinking_water_quality_report_2018.pdf,2019,No
258,48,367,Parker,Texas,TX1840079,PARKER COUNTY SUD SURFACE,Region 6,Community water system,4113,-,Medium,0,https://parkercountywater.com/documents/87/2019_Ground_CCR.pdf,2020,No
259,48,139,Ellis,Texas,TX0700031,CITY OF RED OAK,Region 6,Community water system,10934,-,Large,0,N/A,N/A,N/A
260,48,5,Angelina,Texas,TX0030016,ANGELINA WSC,Region 6,Community water system,3470,-,Medium,0,https://www.angelinawater.com/files/2019_CCR.pdf,2020,No
261,49,51,Wasatch,Utah,UTAH26086,JORDANELLE SSD,Region 8,Community water system,6500,-,Medium,0,http://cdn.sqhk.co/jordanelle/gcnxchb/JordanelleSSD2019CCR.pdf,2020,No
262,49,35,Salt Lake,Utah,UTAH18010,HOLLIDAY WATER COMPANY,Region 8,Community water system,15000,-,Large,0,https://hollidaywatercompany.com/documents/817/WQR-HollidayUT-Web.pdf,2020,No
263,49,11,Davis,Utah,UTAH06020,WEST POINT CITY WATER SYSTEM,Region 8,Community water system,8288,-,Medium,0,N/A,N/A,N/A
264,51,165,Rockingham,Virginia,VA2165525,MASSANUTTEN VILLAGE,Region 3,Community water system,5235,-,Medium,0,https://www.uiwater.com/docs/default-source/virginia-m/2018/massanutten-18ccr-257.pdf?sfvrsn=4,2019,No
265,51,137,Orange,Virginia,VA6137500,"ORANGE, TOWN OF",Region 3,Community water system,4500,-,Medium,0,https://www.townoforangeva.org/civicalerts.aspx?aid=337,2020,No
266,51,51,Dickenson,Virginia,VA1051737,DCPSA - BIG CANEY,Region 3,Community water system,3749,-,Medium,0,N/A,N/A,N/A
267,51,137,Orange,Virginia,VA6137999,WILDERNESS WTP,Region 3,Community water system,12124,-,Large,0,N/A,N/A,N/A
268,51,31,Campbell,Virginia,VA5031150,CAMPBELL COUNTY CENTRAL SYSTEM,Region 3,Community water system,21761,-,Large,0,https://www.ccusa-water.com/images/stories/documents/CCUSA2019WaterQualityReport.pdf,2020,No
269,51,171,Shenandoah,Virginia,VA2171850,"WOODSTOCK, TOWN OF",Region 3,Community water system,5070,-,Medium,0,https://www.townofwoodstockva.gov/DocumentCenter/View/1777/CCR-Brochure-2019-Final?bidId=,2020,No
270,51,143,Pittsylvania,Virginia,VA5143396,MOUNT HERMON - (PCSA),Region 3,Community water system,4565,-,Medium,0,https://pcsa.co/sites/pcsa.co/files/water-quality-reports/Mount%20Hermon-5143396-2016%20CCR.pdf,2017,No
271,51,95,James City,Virginia,VA3095490,JCSA - CENTRAL SYSTEM,Region 3,Community water system,51137,-,Large,0,https://jamescitycountyva.gov/DocumentCenter/View/16430/Central-Water-Quality-Report-2017-PDF?bidId=,2017,No
272,53,63,Spokane,Washington,WA5391450,VERA WATER & POWER,Region 10,Community water system,24692,-,Large,0,https://verawaterandpower.com/wp-content/uploads/Vera-2019-Water-Quality-Report.pdf,2020,No
273,53,77,Yakima,Washington,WA5329000,GRANGER WATER DEPARTMENT,Region 10,Community water system,3905,-,Medium,0,N/A,N/A,N/A
274,53,53,Pierce,Washington,WA5356820,MOUNTAIN VIEW-EDGEWOOD WATER CO,Region 10,Community water system,10400,-,Large,0,https://img1.wsimg.com/blobby/go/5e84723b-4989-4b14-83e0-35cf8aec8d95/downloads/2019%20Water%20Quality%20Report.pdf?ver=1529031493N9o4 4766,2020,No
275,53,33,King,Washington,WA5339800,KING COUNTY WATER DISTRICT #49,Region 10,Community water system,16065,-,Large,0,http://www.wd49.com/pdf/ccrCurrent.pdf,2020,No
276,53,71,Walla Walla,Washington,WA5300710,Snake River Housing Water System,Region 10,Community water system,3936,-,Medium,0,http://www.snakeriverwater.com/wp-content/uploads/2019/05/SNAKE-RIVER-WD-CO0159105-2019-CCR-Port.pdf,2019,No
277,53,63,Spokane,Washington,WA5393353,SPO CO WATER DIST 3 SYS 3,Region 10,Community water system,3658,-,Medium,0,https://scwd3.org/wp-content/uploads/2020/06/System-3-North-Spokane-Valley-PWS-93353P-2019.pdf,2020,No
278,53,53,Pierce,Washington,WA5385050,SUMMIT WATER & SUPPLY CO,Region 10,Community water system,16000,-,Large,0,http://summitwater.org/documents/ccr%20report%202017.pdf,2018,No
279,53,33,King,Washington,WA5375560,SALLAL WATER ASSOCIATION INC,Region 10,Community water system,6056,-,Medium,0,https://sallal.com/wp-content/uploads/2020/06/Sallal-CCR-Water-Quality-Report-2019.pdf,2020,No
280,53,33,King,Washington,WA5340900,SAMMAMISH PLATEAU WATER & SEWER,Region 10,Community water system,65543,-,Large,0,https://spwater.org/ArchiveCenter/ViewFile/Item/117,2020,No
281,54,19,Fayette,West Virginia,WV3301042,GAULEY RIVER PSD,Region 3,Community water system,4168,BELVA,Medium,0,Word doc needs to be saved somehow,2020,No
282,54,55,Mercer,West Virginia,WV3302804,BLUEWELL PSD,Region 3,Community water system,6216,BLUEWELL,Medium,0,N/A,N/A,N/A
283,54,69,Ohio,West Virginia,WV3303516,WHEELING WATER,Region 3,Community water system,29899,WHEELING,Large,0,https://www.wheelingwv.gov/media/Public%20Works/Consumer%20Confidence%20Report%202012.pdf,2013,No
284,54,49,Marion,West Virginia,WV3302502,FAIRMONT CITY OF,Region 3,Community water system,29864,FAIRMONT,Large,0,https://www.fairmontwv.gov/DocumentCenter/View/2500/CCR-2019-Approved,2020,No
285,54,107,Wood,West Virginia,WV3305411,VIENNA,Region 3,Community water system,12507,VIENNA,Large,0,http://vienna-wv.com/documentsandforms/ccr/CCR_2019.pdf,2020,No
286,55,39,Fond du Lac,Wisconsin,WI4200476,RIPON WATER UTILITY,Region 5,Community water system,7800,RIPON,Medium,0,https://www.cityofripon.com/vertical/sites/%7BC9DFD7DB-82C0-4C05-87F7-C5A541F2A609%7D/uploads/2019_CCR_DR.pdf,2020,No
287,55,63,La Crosse,Wisconsin,WI6320306,HOLMEN WATERWORKS,Region 5,Community water system,10147,HOLMEN,Large,0,https://www.holmenwi.com/vertical/sites/%7BDAE55C32-2E5F-4FF9-8788-A1933CE34B1B%7D/uploads/CCR_2019_2.pd,2020,No
288,55,63,La Crosse,Wisconsin,WI6320306,HOLMEN WATERWORKS,Region 5,Community water system,10147,HOLMEN,Large,0,https://www.holmenwi.com/vertical/sites/%7BDAE55C32-2E5F-4FF9-8788-A1933CE34B1B%7D/uploads/CCR_2019_2.pd,2020,No
289,55,83,Oconto,Wisconsin,WI4430495,OCONTO WATERWORKS,Region 5,Community water system,4740,OCONTO,Medium,0,https://cityofoconto.com/wp-content/uploads/2020/06/2019-CCR-1.pdf,2019,No
290,55,17,Chippewa,Wisconsin,WI6090462,STANLEY WATERWORKS,Region 5,Community water system,3500,STANLEY,Medium,0,https://stanleywisconsin.us/wp-content/uploads/2020/06/ANNUAL-DRINKING-WATER-QUALITY-REPORT-2019.pdf,2020,No
291,55,87,Outagamie,Wisconsin,WI4450409,COMBINED LOCKS WATERWORKS,Region 5,Community water system,3477,COMBINED LOCKS,Medium,0,http://www.combinedlocks.org/media/147033/ccr-2018-distributed-in-2019.pdf,2019,No
292,55,79,Milwaukee,Wisconsin,WI2410556,BROWN DEER WATERWORKS,Region 5,Community water system,12741,BROWN DEER,Large,0,https://www.browndeerwi.org/wp-content/uploads/2020/05/2019_BD_CCR_final.pdf,2020,No
293,56,21,Laramie,Wyoming,WY5600011,CHEYENNE BOARD OF PUBLIC UTILITIES,Region 8,Community water system,58182,CHEYENNE,Large,0,https://www.cheyennebopu.org/Your-Water/Water-Quality/CCR,2020,No
294,56,29,Park,Wyoming,WY5600042,"POWELL, CITY OF",Region 8,Community water system,6700,POWELL,Medium,0,file:///Users/teresagonzalez/Downloads/2019%20Annual%20Drinking%20Water%20Quality%20Report%202.pdf,2020,No
295,72,13,Arecibo Municipio,Puerto Rico,PR0002782,GARROCHALES,Region 2,Community water system,5754,"ARECIBO, GARROCHALES",Medium,0,N/A,N/A,N/A
296,72,27,Camuy Municipio,Puerto Rico,PR0003862,CIENEGA,Region 2,Community water system,4020,CAMUY,Medium,0,N/A,N/A,N/A
297,72,19,Barranquitas Municipio,Puerto Rico,PR0004945,LAS BOCAS,Region 2,Community water system,5357,BARRANQUITAS,Medium,0,N/A,N/A,N/A
298,11,1,District of Columbia,District of Columbia,DC0000002,D.C. WATER AND SEWER AUTHORITY,Region 3,Community water system,"632,323",-,Very Large,0,https://www.dcwater.com/sites/default/files/2020_dcwater_water_quality_report_0.pdf,2020,Yes
299,2,90,Fairbanks North Star Borough,Alaska,AK2310900,COLLEGE UTILITIES CORPORATION,Region 10,Community water system,"27,000",FAIRBANKS,Large,0,http://www.akwater.com/cuc-ccr.pdf,2020,No
300,30,111,Yellowstone,Montana,MT0000153,BILLINGS  CITY OF,Region 8,Community water system,"114,000",BILLINGS,Very Large,0,https://www.billingsmtpublicworks.gov/DocumentCenter/View/262/CCR-2019,2020,No
